"","game","round","date","home_team","score","away_team","arena","X"
"1","1","1","14/05/2017 - 11:00","Fluminense - RJ","3 x 2","Santos - SP","Maracanã - Rio de Janeiro - RJ",""
"2","2","1","13/05/2017 - 16:00","Flamengo - RJ","1 x 1","Atlético - MG","Maracanã - Rio de Janeiro - RJ",""
"3","3","1","14/05/2017 - 16:00","Palmeiras - SP","4 x 0","Vasco da Gama - RJ","Allianz Parque - Sao Paulo - SP",""
"4","4","1","13/05/2017 - 19:00","Corinthians - SP","1 x 1","Chapecoense - SC","Arena Corinthians - Sao Paulo - SP",""
"5","5","1","14/05/2017 - 16:00","Cruzeiro - MG","1 x 0","São Paulo - SP","Mineirão - Belo Horizonte - MG",""
"6","6","1","15/05/2017 - 20:00","Coritiba - PR","4 x 1","Atlético - GO","Couto Pereira - Curitiba - PR",""
"7","7","1","14/05/2017 - 19:00","Grêmio - RS","2 x 0","Botafogo - RJ","Arena do Grêmio - Porto Alegre - RS",""
"8","8","1","14/05/2017 - 16:00","Bahia - BA","6 x 2","Atlético - PR","Arena Fonte Nova - Salvador - BA",""
"9","9","1","14/05/2017 - 16:00","Ponte Preta - SP","4 x 0","Sport - PE","Moisés Lucarelli - Campinas - SP",""
"10","10","1","14/05/2017 - 16:00","Avaí - SC","0 x 0","Vitória - BA","Ressacada - Florianopolis - SC",""
"11","11","2","21/05/2017 - 18:00","Botafogo - RJ","2 x 0","Ponte Preta - SP","Nilton Santos - Rio de Janeiro - RJ",""
"12","12","2","21/05/2017 - 11:00","Vasco da Gama - RJ","2 x 1","Bahia - BA","São Januário - Rio de Janeiro - RJ",""
"13","13","2","20/05/2017 - 16:00","Santos - SP","1 x 0","Coritiba - PR","Vila Belmiro - Santos - SP",""
"14","14","2","22/05/2017 - 20:00","São Paulo - SP","2 x 0","Avaí - SC","Morumbi - Sao Paulo - SP",""
"15","15","2","21/05/2017 - 16:00","Atlético - MG","1 x 2","Fluminense - RJ","Independência - Belo Horizonte - MG",""
"16","16","2","21/05/2017 - 16:00","Atlético - PR","0 x 2","Grêmio - RS","Arena da Baixada - Curitiba - PR",""
"17","17","2","21/05/2017 - 19:00","Sport - PE","1 x 1","Cruzeiro - MG","Ilha do Retiro - Recife - PE",""
"18","18","2","21/05/2017 - 16:00","Vitória - BA","0 x 1","Corinthians - SP","Arena Fonte Nova - Salvador - BA",""
"19","19","2","20/05/2017 - 19:00","Atlético - GO","0 x 3","Flamengo - RJ","Serra Dourada - Goiania - GO",""
"20","20","2","20/05/2017 - 19:00","Chapecoense - SC","1 x 0","Palmeiras - SP","Arena Condá - Chapeco - SC",""
"21","21","3","28/05/2017 - 19:00","Botafogo - RJ","1 x 0","Bahia - BA","Nilton Santos - Rio de Janeiro - RJ",""
"22","22","3","27/05/2017 - 16:00","Vasco da Gama - RJ","3 x 2","Fluminense - RJ","São Januário - Rio de Janeiro - RJ",""
"23","23","3","28/05/2017 - 16:00","Santos - SP","0 x 1","Cruzeiro - MG","Vila Belmiro - Santos - SP",""
"24","24","3","27/05/2017 - 19:00","São Paulo - SP","2 x 0","Palmeiras - SP","Morumbi - Sao Paulo - SP",""
"25","25","3","28/05/2017 - 11:00","Atlético - MG","2 x 2","Ponte Preta - SP","Independência - Belo Horizonte - MG",""
"26","26","3","28/05/2017 - 16:00","Atlético - PR","1 x 1","Flamengo - RJ","Arena da Baixada - Curitiba - PR",""
"27","27","3","28/05/2017 - 18:00","Sport - PE","4 x 3","Grêmio - RS","Ilha do Retiro - Recife - PE",""
"28","28","3","27/05/2017 - 21:00","Vitória - BA","0 x 1","Coritiba - PR","Arena Fonte Nova - Salvador - BA",""
"29","29","3","28/05/2017 - 16:00","Atlético - GO","0 x 1","Corinthians - SP","Serra Dourada - Goiania - GO",""
"30","30","3","29/05/2017 - 20:00","Chapecoense - SC","2 x 0","Avaí - SC","Arena Condá - Chapeco - SC",""
"31","31","4","03/06/2017 - 18:00","Fluminense - RJ","2 x 1","Vitória - BA","Maracanã - Rio de Janeiro - RJ",""
"32","32","4","04/06/2017 - 11:00","Flamengo - RJ","0 x 0","Botafogo - RJ","Raulino de Oliveira - Volta Redonda - RJ",""
"33","33","4","04/06/2017 - 16:00","Palmeiras - SP","0 x 0","Atlético - MG","Allianz Parque - Sao Paulo - SP",""
"34","34","4","03/06/2017 - 19:00","Corinthians - SP","2 x 0","Santos - SP","Arena Corinthians - Sao Paulo - SP",""
"35","35","4","04/06/2017 - 19:00","Cruzeiro - MG","0 x 2","Chapecoense - SC","Mineirão - Belo Horizonte - MG",""
"36","36","4","03/06/2017 - 16:00","Coritiba - PR","1 x 0","Atlético - PR","Couto Pereira - Curitiba - PR",""
"37","37","4","04/06/2017 - 16:00","Grêmio - RS","2 x 0","Vasco da Gama - RJ","Arena do Grêmio - Porto Alegre - RS",""
"38","38","4","05/06/2017 - 20:00","Bahia - BA","3 x 0","Atlético - GO","Arena Fonte Nova - Salvador - BA",""
"39","39","4","04/06/2017 - 16:00","Ponte Preta - SP","1 x 0","São Paulo - SP","Moisés Lucarelli - Campinas - SP",""
"40","40","4","04/06/2017 - 11:00","Avaí - SC","1 x 0","Sport - PE","Ressacada - Florianopolis - SC",""
"41","41","5","06/06/2017 - 20:00","Fluminense - RJ","1 x 1","Atlético - PR","Maracanã - Rio de Janeiro - RJ",""
"42","42","5","07/06/2017 - 21:45","Vasco da Gama - RJ","2 x 5","Corinthians - SP","São Januário - Rio de Janeiro - RJ",""
"43","43","5","07/06/2017 - 21:00","Santos - SP","1 x 0","Botafogo - RJ","Pacaembu - Sao Paulo - SP",""
"44","44","5","08/06/2017 - 19:30","São Paulo - SP","2 x 0","Vitória - BA","Morumbi - Sao Paulo - SP",""
"45","45","5","07/06/2017 - 19:30","Atlético - MG","1 x 0","Avaí - SC","Independência - Belo Horizonte - MG",""
"46","46","5","07/06/2017 - 19:30","Coritiba - PR","1 x 0","Palmeiras - SP","Couto Pereira - Curitiba - PR",""
"47","47","5","07/06/2017 - 21:45","Sport - PE","2 x 0","Flamengo - RJ","Ilha do Retiro - Recife - PE",""
"48","48","5","08/06/2017 - 21:00","Bahia - BA","1 x 0","Cruzeiro - MG","Arena Fonte Nova - Salvador - BA",""
"49","49","5","08/06/2017 - 19:30","Atlético - GO","3 x 0","Ponte Preta - SP","Olímpico Pedro Ludovico - Goiania - GO",""
"50","50","5","08/06/2017 - 20:00","Chapecoense - SC","3 x 6","Grêmio - RS","Arena Condá - Chapeco - SC",""
"51","51","6","11/06/2017 - 11:00","Botafogo - RJ","2 x 2","Coritiba - PR","Nilton Santos - Rio de Janeiro - RJ",""
"52","52","6","10/06/2017 - 19:00","Vasco da Gama - RJ","2 x 1","Sport - PE","São Januário - Rio de Janeiro - RJ",""
"53","53","6","10/06/2017 - 16:00","Palmeiras - SP","3 x 1","Fluminense - RJ","Allianz Parque - Sao Paulo - SP",""
"54","54","6","11/06/2017 - 16:00","Corinthians - SP","3 x 2","São Paulo - SP","Arena Corinthians - Sao Paulo - SP",""
"55","55","6","11/06/2017 - 18:30","Cruzeiro - MG","2 x 0","Atlético - GO","Mineirão - Belo Horizonte - MG",""
"56","56","6","11/06/2017 - 19:00","Atlético - PR","0 x 2","Santos - SP","Arena da Baixada - Curitiba - PR",""
"57","57","6","12/06/2017 - 20:00","Grêmio - RS","1 x 0","Bahia - BA","Arena do Grêmio - Porto Alegre - RS",""
"58","58","6","11/06/2017 - 16:00","Vitória - BA","2 x 0","Atlético - MG","Manoel Barradas - Salvador - BA",""
"59","59","6","11/06/2017 - 16:00","Ponte Preta - SP","3 x 2","Chapecoense - SC","Moisés Lucarelli - Campinas - SP",""
"60","60","6","11/06/2017 - 16:00","Avaí - SC","1 x 1","Flamengo - RJ","Ressacada - Florianopolis - SC",""
"61","61","7","15/06/2017 - 21:00","Fluminense - RJ","0 x 2","Grêmio - RS","Maracanã - Rio de Janeiro - RJ",""
"62","62","7","14/06/2017 - 21:00","Flamengo - RJ","2 x 0","Ponte Preta - SP","Luso Brasileiro - Rio de Janeiro - RJ",""
"63","63","7","14/06/2017 - 21:45","Santos - SP","1 x 0","Palmeiras - SP","Vila Belmiro - Santos - SP",""
"64","64","7","14/06/2017 - 21:45","Corinthians - SP","1 x 0","Cruzeiro - MG","Arena Corinthians - Sao Paulo - SP",""
"65","65","7","14/06/2017 - 19:30","Atlético - MG","0 x 1","Atlético - PR","Independência - Belo Horizonte - MG",""
"66","66","7","15/06/2017 - 16:00","Coritiba - PR","0 x 0","Bahia - BA","Couto Pereira - Curitiba - PR",""
"67","67","7","14/06/2017 - 19:30","Sport - PE","0 x 0","São Paulo - SP","Ilha do Retiro - Recife - PE",""
"68","68","7","14/06/2017 - 19:30","Vitória - BA","2 x 2","Botafogo - RJ","Manoel Barradas - Salvador - BA",""
"69","69","7","14/06/2017 - 19:30","Atlético - GO","3 x 1","Avaí - SC","Olímpico Pedro Ludovico - Goiania - GO",""
"70","70","7","14/06/2017 - 21:45","Chapecoense - SC","2 x 1","Vasco da Gama - RJ","Arena Condá - Chapeco - SC",""
"71","71","8","18/06/2017 - 16:00","Fluminense - RJ","2 x 2","Flamengo - RJ","Maracanã - Rio de Janeiro - RJ",""
"72","72","8","17/06/2017 - 19:00","Vasco da Gama - RJ","1 x 0","Avaí - SC","São Januário - Rio de Janeiro - RJ",""
"73","73","8","17/06/2017 - 21:00","Santos - SP","0 x 0","Ponte Preta - SP","Pacaembu - Sao Paulo - SP",""
"74","74","8","18/06/2017 - 16:00","São Paulo - SP","1 x 2","Atlético - MG","Morumbi - Sao Paulo - SP",""
"75","75","8","19/06/2017 - 20:00","Cruzeiro - MG","3 x 3","Grêmio - RS","Mineirão - Belo Horizonte - MG",""
"76","76","8","18/06/2017 - 11:00","Coritiba - PR","0 x 0","Corinthians - SP","Couto Pereira - Curitiba - PR",""
"77","77","8","18/06/2017 - 19:00","Sport - PE","1 x 3","Vitória - BA","Ilha do Retiro - Recife - PE",""
"78","78","8","18/06/2017 - 16:00","Bahia - BA","2 x 4","Palmeiras - SP","Arena Fonte Nova - Salvador - BA",""
"79","79","8","17/06/2017 - 16:00","Atlético - GO","0 x 1","Atlético - PR","Olímpico Pedro Ludovico - Goiania - GO",""
"80","80","8","18/06/2017 - 16:00","Chapecoense - SC","0 x 2","Botafogo - RJ","Arena Condá - Chapeco - SC",""
"81","81","9","21/06/2017 - 21:00","Botafogo - RJ","3 x 1","Vasco da Gama - RJ","Nilton Santos - Rio de Janeiro - RJ",""
"82","82","9","22/06/2017 - 21:00","Flamengo - RJ","5 x 1","Chapecoense - SC","Luso Brasileiro - Rio de Janeiro - RJ",""
"83","83","9","21/06/2017 - 21:00","Palmeiras - SP","1 x 0","Atlético - GO","Allianz Parque - Sao Paulo - SP",""
"84","84","9","22/06/2017 - 19:30","Corinthians - SP","3 x 0","Bahia - BA","Arena Corinthians - Sao Paulo - SP",""
"85","85","9","21/06/2017 - 21:45","Atlético - MG","2 x 2","Sport - PE","Independência - Belo Horizonte - MG",""
"86","86","9","21/06/2017 - 21:45","Atlético - PR","1 x 0","São Paulo - SP","Arena da Baixada - Curitiba - PR",""
"87","87","9","22/06/2017 - 21:00","Grêmio - RS","2 x 0","Coritiba - PR","Arena do Grêmio - Porto Alegre - RS",""
"88","88","9","21/06/2017 - 19:30","Vitória - BA","0 x 2","Santos - SP","Manoel Barradas - Salvador - BA",""
"89","89","9","22/06/2017 - 19:30","Ponte Preta - SP","1 x 0","Cruzeiro - MG","Moisés Lucarelli - Campinas - SP",""
"90","90","9","21/06/2017 - 21:45","Avaí - SC","0 x 3","Fluminense - RJ","Ressacada - Florianopolis - SC",""
"91","91","10","26/06/2017 - 20:00","Botafogo - RJ","0 x 2","Avaí - SC","Nilton Santos - Rio de Janeiro - RJ",""
"92","92","10","25/06/2017 - 11:00","Vasco da Gama - RJ","1 x 0","Atlético - GO","São Januário - Rio de Janeiro - RJ",""
"93","93","10","24/06/2017 - 19:00","Santos - SP","0 x 1","Sport - PE","Vila Belmiro - Santos - SP",""
"94","94","10","25/06/2017 - 16:00","São Paulo - SP","1 x 1","Fluminense - RJ","Morumbi - Sao Paulo - SP",""
"95","95","10","25/06/2017 - 16:00","Cruzeiro - MG","2 x 0","Coritiba - PR","Mineirão - Belo Horizonte - MG",""
"96","96","10","25/06/2017 - 16:00","Atlético - PR","4 x 1","Vitória - BA","Arena da Baixada - Curitiba - PR",""
"97","97","10","25/06/2017 - 16:00","Grêmio - RS","0 x 1","Corinthians - SP","Arena do Grêmio - Porto Alegre - RS",""
"98","98","10","25/06/2017 - 18:30","Bahia - BA","0 x 1","Flamengo - RJ","Arena Fonte Nova - Salvador - BA",""
"99","99","10","25/06/2017 - 16:00","Ponte Preta - SP","1 x 2","Palmeiras - SP","Moisés Lucarelli - Campinas - SP",""
"100","100","10","25/06/2017 - 19:00","Chapecoense - SC","0 x 1","Atlético - MG","Arena Condá - Chapeco - SC",""
"101","101","11","03/07/2017 - 20:00","Fluminense - RJ","3 x 3","Chapecoense - SC","Giulite Coutinho - Mesquita - RJ",""
"102","102","11","02/07/2017 - 16:00","Flamengo - RJ","2 x 0","São Paulo - SP","Luso Brasileiro - Rio de Janeiro - RJ",""
"103","103","11","01/07/2017 - 16:00","Palmeiras - SP","1 x 0","Grêmio - RS","Pacaembu - Sao Paulo - SP",""
"104","104","11","02/07/2017 - 16:00","Corinthians - SP","1 x 0","Botafogo - RJ","Arena Corinthians - Sao Paulo - SP",""
"105","105","11","02/07/2017 - 16:00","Atlético - MG","3 x 1","Cruzeiro - MG","Independência - Belo Horizonte - MG",""
"106","106","11","02/07/2017 - 19:00","Coritiba - PR","2 x 2","Vasco da Gama - RJ","Durival Britto - Curitiba - PR",""
"107","107","11","02/07/2017 - 16:00","Sport - PE","1 x 0","Atlético - PR","Ilha do Retiro - Recife - PE",""
"108","108","11","02/07/2017 - 16:00","Vitória - BA","0 x 0","Bahia - BA","Manoel Barradas - Salvador - BA",""
"109","109","11","01/07/2017 - 19:00","Atlético - GO","1 x 1","Santos - SP","Olímpico Pedro Ludovico - Goiania - GO",""
"110","110","11","02/07/2017 - 19:00","Avaí - SC","0 x 0","Ponte Preta - SP","Ressacada - Florianopolis - SC",""
"111","111","12","09/07/2017 - 19:00","Botafogo - RJ","1 x 1","Atlético - MG","Nilton Santos - Rio de Janeiro - RJ",""
"112","112","12","08/07/2017 - 18:00","Vasco da Gama - RJ","0 x 1","Flamengo - RJ","São Januário - Rio de Janeiro - RJ",""
"113","113","12","09/07/2017 - 19:00","Santos - SP","3 x 2","São Paulo - SP","Vila Belmiro - Santos - SP",""
"114","114","12","08/07/2017 - 19:00","Corinthians - SP","2 x 0","Ponte Preta - SP","Arena Corinthians - Sao Paulo - SP",""
"115","115","12","09/07/2017 - 16:00","Cruzeiro - MG","3 x 1","Palmeiras - SP","Mineirão - Belo Horizonte - MG",""
"116","116","12","10/07/2017 - 20:00","Coritiba - PR","0 x 3","Sport - PE","Couto Pereira - Curitiba - PR",""
"117","117","12","09/07/2017 - 16:00","Grêmio - RS","0 x 2","Avaí - SC","Arena do Grêmio - Porto Alegre - RS",""
"118","118","12","09/07/2017 - 16:00","Bahia - BA","1 x 1","Fluminense - RJ","Arena Fonte Nova - Salvador - BA",""
"119","119","12","08/07/2017 - 16:00","Atlético - GO","1 x 2","Vitória - BA","Olímpico Pedro Ludovico - Goiania - GO",""
"120","120","12","09/07/2017 - 11:00","Chapecoense - SC","1 x 1","Atlético - PR","Arena Condá - Chapeco - SC",""
"121","121","13","12/07/2017 - 21:00","Fluminense - RJ","0 x 1","Botafogo - RJ","Maracanã - Rio de Janeiro - RJ",""
"122","122","13","13/07/2017 - 19:30","Flamengo - RJ","0 x 1","Grêmio - RS","Luso Brasileiro - Rio de Janeiro - RJ",""
"123","123","13","12/07/2017 - 21:45","Palmeiras - SP","0 x 2","Corinthians - SP","Allianz Parque - Sao Paulo - SP",""
"124","124","13","13/07/2017 - 19:30","São Paulo - SP","2 x 2","Atlético - GO","Morumbi - Sao Paulo - SP",""
"125","125","13","12/07/2017 - 19:30","Atlético - MG","0 x 1","Santos - SP","Independência - Belo Horizonte - MG",""
"126","126","13","12/07/2017 - 21:45","Atlético - PR","0 x 2","Cruzeiro - MG","Arena da Baixada - Curitiba - PR",""
"127","127","13","13/07/2017 - 19:30","Sport - PE","3 x 0","Chapecoense - SC","Arena Pernambuco - São Lourenço da Mata - PE",""
"128","128","13","12/07/2017 - 21:45","Vitória - BA","1 x 4","Vasco da Gama - RJ","Manoel Barradas - Salvador - BA",""
"129","129","13","12/07/2017 - 19:30","Ponte Preta - SP","0 x 3","Bahia - BA","Moisés Lucarelli - Campinas - SP",""
"130","130","13","13/07/2017 - 21:00","Avaí - SC","1 x 4","Coritiba - PR","Ressacada - Florianopolis - SC",""
"131","131","14","17/07/2017 - 20:00","Botafogo - RJ","2 x 1","Sport - PE","Nilton Santos - Rio de Janeiro - RJ",""
"132","132","14","16/07/2017 - 16:00","Vasco da Gama - RJ","0 x 0","Santos - SP","Nilton Santos - Rio de Janeiro - RJ",""
"133","133","14","16/07/2017 - 11:00","Palmeiras - SP","4 x 2","Vitória - BA","Allianz Parque - Sao Paulo - SP",""
"134","134","14","15/07/2017 - 19:00","Corinthians - SP","2 x 2","Atlético - PR","Arena Corinthians - Sao Paulo - SP",""
"135","135","14","16/07/2017 - 16:00","Cruzeiro - MG","1 x 1","Flamengo - RJ","Mineirão - Belo Horizonte - MG",""
"136","136","14","16/07/2017 - 19:00","Coritiba - PR","1 x 2","Fluminense - RJ","Couto Pereira - Curitiba - PR",""
"137","137","14","16/07/2017 - 16:00","Grêmio - RS","3 x 1","Ponte Preta - SP","Arena do Grêmio - Porto Alegre - RS",""
"138","138","14","16/07/2017 - 19:00","Bahia - BA","1 x 1","Avaí - SC","Pituaçu - Salvador - BA",""
"139","139","14","16/07/2017 - 16:00","Atlético - GO","1 x 2","Atlético - MG","Olímpico Pedro Ludovico - Goiania - GO",""
"140","140","14","16/07/2017 - 16:00","Chapecoense - SC","2 x 0","São Paulo - SP","Arena Condá - Chapeco - SC",""
"141","141","15","20/07/2017 - 19:30","Fluminense - RJ","1 x 1","Cruzeiro - MG","Giulite Coutinho - Mesquita - RJ",""
"142","142","15","19/07/2017 - 21:45","Flamengo - RJ","2 x 2","Palmeiras - SP","Luso Brasileiro - Rio de Janeiro - RJ",""
"143","143","15","19/07/2017 - 19:30","Santos - SP","1 x 0","Chapecoense - SC","Vila Belmiro - Santos - SP",""
"144","144","15","19/07/2017 - 21:45","São Paulo - SP","1 x 0","Vasco da Gama - RJ","Morumbi - Sao Paulo - SP",""
"145","145","15","19/07/2017 - 21:45","Atlético - MG","0 x 2","Bahia - BA","Independência - Belo Horizonte - MG",""
"146","146","15","20/07/2017 - 21:00","Atlético - PR","0 x 0","Botafogo - RJ","Arena da Baixada - Curitiba - PR",""
"147","147","15","20/07/2017 - 20:00","Sport - PE","4 x 0","Atlético - GO","Ilha do Retiro - Recife - PE",""
"148","148","15","19/07/2017 - 19:30","Vitória - BA","1 x 3","Grêmio - RS","Manoel Barradas - Salvador - BA",""
"149","149","15","19/07/2017 - 21:00","Ponte Preta - SP","4 x 0","Coritiba - PR","Moisés Lucarelli - Campinas - SP",""
"150","150","15","19/07/2017 - 21:00","Avaí - SC","0 x 0","Corinthians - SP","Ressacada - Florianopolis - SC",""
"151","151","16","22/07/2017 - 16:00","Vitória - BA","1 x 2","Chapecoense - SC","Manoel Barradas - Salvador - BA",""
"152","152","16","23/07/2017 - 11:00","Santos - SP","3 x 0","Bahia - BA","Pacaembu - Sao Paulo - SP",""
"153","153","16","22/07/2017 - 19:00","Flamengo - RJ","2 x 1","Coritiba - PR","Luso Brasileiro - Rio de Janeiro - RJ",""
"154","154","16","23/07/2017 - 19:00","Atlético - PR","0 x 2","Ponte Preta - SP","Arena da Baixada - Curitiba - PR",""
"155","155","16","23/07/2017 - 16:00","Fluminense - RJ","0 x 1","Corinthians - SP","Maracanã - Rio de Janeiro - RJ",""
"156","156","16","23/07/2017 - 16:00","Sport - PE","0 x 2","Palmeiras - SP","Arena Pernambuco - São Lourenço da Mata - PE",""
"157","157","16","23/07/2017 - 19:00","Atlético - GO","1 x 1","Botafogo - RJ","Olímpico Pedro Ludovico - Goiania - GO",""
"158","158","16","23/07/2017 - 16:00","Avaí - SC","1 x 0","Cruzeiro - MG","Ressacada - Florianopolis - SC",""
"159","159","16","23/07/2017 - 19:00","Atlético - MG","1 x 2","Vasco da Gama - RJ","Independência - Belo Horizonte - MG",""
"160","160","16","24/07/2017 - 20:00","São Paulo - SP","1 x 1","Grêmio - RS","Morumbi - Sao Paulo - SP",""
"161","161","17","29/07/2017 - 16:00","Botafogo - RJ","3 x 4","São Paulo - SP","Nilton Santos - Rio de Janeiro - RJ",""
"162","162","17","29/07/2017 - 19:00","Palmeiras - SP","2 x 0","Avaí - SC","Allianz Parque - Sao Paulo - SP",""
"163","163","17","30/07/2017 - 19:00","Cruzeiro - MG","0 x 0","Vitória - BA","Mineirão - Belo Horizonte - MG",""
"164","164","17","30/07/2017 - 11:00","Chapecoense - SC","1 x 2","Atlético - GO","Arena Condá - Chapeco - SC",""
"165","165","17","30/07/2017 - 16:00","Corinthians - SP","1 x 1","Flamengo - RJ","Arena Corinthians - Sao Paulo - SP",""
"166","166","17","30/07/2017 - 16:00","Coritiba - PR","0 x 2","Atlético - MG","Couto Pereira - Curitiba - PR",""
"167","167","17","30/07/2017 - 16:00","Bahia - BA","1 x 3","Sport - PE","Arena Fonte Nova - Salvador - BA",""
"168","168","17","09/08/2017 - 20:00","Ponte Preta - SP","0 x 0","Fluminense - RJ","Moisés Lucarelli - Campinas - SP",""
"169","169","17","30/07/2017 - 19:00","Grêmio - RS","1 x 1","Santos - SP","Arena do Grêmio - Porto Alegre - RS",""
"170","170","17","31/07/2017 - 20:00","Vasco da Gama - RJ","0 x 1","Atlético - PR","Raulino de Oliveira - Volta Redonda - RJ",""
"171","171","18","02/08/2017 - 19:30","Sport - PE","2 x 2","Fluminense - RJ","Ilha do Retiro - Recife - PE",""
"172","172","18","02/08/2017 - 19:30","Chapecoense - SC","1 x 1","Bahia - BA","Arena Condá - Chapeco - SC",""
"173","173","18","02/08/2017 - 21:00","Atlético - MG","0 x 2","Corinthians - SP","Mineirão - Belo Horizonte - MG",""
"174","174","18","02/08/2017 - 21:00","Vitória - BA","3 x 1","Ponte Preta - SP","Manoel Barradas - Salvador - BA",""
"175","175","18","02/08/2017 - 21:45","Botafogo - RJ","1 x 2","Palmeiras - SP","Nilton Santos - Rio de Janeiro - RJ",""
"176","176","18","02/08/2017 - 21:45","Santos - SP","3 x 2","Flamengo - RJ","Pacaembu - Sao Paulo - SP",""
"177","177","18","02/08/2017 - 21:45","Atlético - GO","0 x 1","Grêmio - RS","Olímpico Pedro Ludovico - Goiania - GO",""
"178","178","18","03/08/2017 - 19:30","São Paulo - SP","1 x 2","Coritiba - PR","Morumbi - Sao Paulo - SP",""
"179","179","18","03/08/2017 - 19:30","Atlético - PR","5 x 0","Avaí - SC","Arena da Baixada - Curitiba - PR",""
"180","180","18","03/08/2017 - 20:00","Vasco da Gama - RJ","0 x 3","Cruzeiro - MG","Raulino de Oliveira - Volta Redonda - RJ",""
"181","181","19","05/08/2017 - 19:00","Corinthians - SP","3 x 1","Sport - PE","Arena Corinthians - Sao Paulo - SP",""
"182","182","19","06/08/2017 - 11:00","Flamengo - RJ","0 x 2","Vitória - BA","Luso Brasileiro - Rio de Janeiro - RJ",""
"183","183","19","06/08/2017 - 16:00","Palmeiras - SP","0 x 1","Atlético - PR","Allianz Parque - Sao Paulo - SP",""
"184","184","19","06/08/2017 - 16:00","Cruzeiro - MG","0 x 0","Botafogo - RJ","Mineirão - Belo Horizonte - MG",""
"185","185","19","06/08/2017 - 16:00","Coritiba - PR","2 x 0","Chapecoense - SC","Couto Pereira - Curitiba - PR",""
"186","186","19","06/08/2017 - 16:00","Grêmio - RS","2 x 0","Atlético - MG","Arena do Grêmio - Porto Alegre - RS",""
"187","187","19","06/08/2017 - 16:00","Bahia - BA","2 x 1","São Paulo - SP","Arena Fonte Nova - Salvador - BA",""
"188","188","19","06/08/2017 - 19:00","Ponte Preta - SP","0 x 0","Vasco da Gama - RJ","Moisés Lucarelli - Campinas - SP",""
"189","189","19","06/08/2017 - 19:00","Avaí - SC","0 x 0","Santos - SP","Ressacada - Florianopolis - SC",""
"190","190","19","05/08/2017 - 19:00","Fluminense - RJ","3 x 1","Atlético - GO","Maracanã - Rio de Janeiro - RJ",""
"191","191","20","12/08/2017 - 16:00","Atlético - GO","1 x 0","Coritiba - PR","Olímpico Pedro Ludovico - Goiania - GO",""
"192","192","20","12/08/2017 - 19:00","Vitória - BA","0 x 1","Avaí - SC","Manoel Barradas - Salvador - BA",""
"193","193","20","13/08/2017 - 11:00","São Paulo - SP","3 x 2","Cruzeiro - MG","Morumbi - Sao Paulo - SP",""
"194","194","20","13/08/2017 - 16:00","Vasco da Gama - RJ","1 x 1","Palmeiras - SP","Raulino de Oliveira - Volta Redonda - RJ",""
"195","195","20","14/08/2017 - 20:00","Santos - SP","0 x 0","Fluminense - RJ","Pacaembu - Sao Paulo - SP",""
"196","196","20","13/08/2017 - 16:00","Atlético - MG","2 x 0","Flamengo - RJ","Independência - Belo Horizonte - MG",""
"197","197","20","13/08/2017 - 19:00","Atlético - PR","4 x 1","Bahia - BA","Arena da Baixada - Curitiba - PR",""
"198","198","20","13/08/2017 - 19:00","Botafogo - RJ","1 x 0","Grêmio - RS","Nilton Santos - Rio de Janeiro - RJ",""
"199","199","20","13/08/2017 - 16:00","Sport - PE","0 x 0","Ponte Preta - SP","Ilha do Retiro - Recife - PE",""
"200","200","20","23/08/2017 - 19:30","Chapecoense - SC","0 x 1","Corinthians - SP","Arena Condá - Chapeco - SC",""
"201","201","21","19/08/2017 - 16:00","Corinthians - SP","0 x 1","Vitória - BA","Arena Corinthians - Sao Paulo - SP",""
"202","202","21","19/08/2017 - 19:00","Flamengo - RJ","2 x 0","Atlético - GO","Luso Brasileiro - Rio de Janeiro - RJ",""
"203","203","21","20/08/2017 - 16:00","Ponte Preta - SP","2 x 1","Botafogo - RJ","Moisés Lucarelli - Campinas - SP",""
"204","204","21","20/08/2017 - 16:00","Cruzeiro - MG","2 x 0","Sport - PE","Mineirão - Belo Horizonte - MG",""
"205","205","21","20/08/2017 - 16:00","Bahia - BA","3 x 0","Vasco da Gama - RJ","Arena Fonte Nova - Salvador - BA",""
"206","206","21","20/08/2017 - 16:00","Avaí - SC","1 x 1","São Paulo - SP","Ressacada - Florianopolis - SC",""
"207","207","21","20/08/2017 - 11:00","Grêmio - RS","0 x 0","Atlético - PR","Arena do Grêmio - Porto Alegre - RS",""
"208","208","21","20/08/2017 - 19:00","Palmeiras - SP","0 x 2","Chapecoense - SC","Allianz Parque - Sao Paulo - SP",""
"209","209","21","20/08/2017 - 19:00","Coritiba - PR","0 x 0","Santos - SP","Couto Pereira - Curitiba - PR",""
"210","210","21","21/08/2017 - 20:00","Fluminense - RJ","2 x 1","Atlético - MG","Maracanã - Rio de Janeiro - RJ",""
"211","211","22","26/08/2017 - 16:00","Fluminense - RJ","0 x 1","Vasco da Gama - RJ","Maracanã - Rio de Janeiro - RJ",""
"212","212","22","26/08/2017 - 19:00","Corinthians - SP","0 x 1","Atlético - GO","Arena Corinthians - Sao Paulo - SP",""
"213","213","22","02/09/2017 - 16:00","Grêmio - RS","5 x 0","Sport - PE","Arena do Grêmio - Porto Alegre - RS",""
"214","214","22","27/08/2017 - 19:00","Avaí - SC","1 x 0","Chapecoense - SC","Ressacada - Florianopolis - SC",""
"215","215","22","27/08/2017 - 16:00","Flamengo - RJ","2 x 0","Atlético - PR","Luso Brasileiro - Rio de Janeiro - RJ",""
"216","216","22","27/08/2017 - 16:00","Palmeiras - SP","4 x 2","São Paulo - SP","Allianz Parque - Sao Paulo - SP",""
"217","217","22","27/08/2017 - 16:00","Bahia - BA","1 x 2","Botafogo - RJ","Arena Fonte Nova - Salvador - BA",""
"218","218","22","27/08/2017 - 16:00","Ponte Preta - SP","1 x 2","Atlético - MG","Moisés Lucarelli - Campinas - SP",""
"219","219","22","27/08/2017 - 19:00","Cruzeiro - MG","1 x 1","Santos - SP","Mineirão - Belo Horizonte - MG",""
"220","220","22","28/08/2017 - 20:00","Coritiba - PR","0 x 1","Vitória - BA","Couto Pereira - Curitiba - PR",""
"221","221","23","09/09/2017 - 16:00","Atlético - MG","1 x 1","Palmeiras - SP","Independência - Belo Horizonte - MG",""
"222","222","23","09/09/2017 - 19:00","São Paulo - SP","2 x 2","Ponte Preta - SP","Morumbi - Sao Paulo - SP",""
"223","223","23","10/09/2017 - 11:00","Atlético - PR","1 x 1","Coritiba - PR","Arena da Baixada - Curitiba - PR",""
"224","224","23","09/09/2017 - 18:00","Vasco da Gama - RJ","1 x 0","Grêmio - RS","São Januário - Rio de Janeiro - RJ",""
"225","225","23","10/09/2017 - 16:00","Santos - SP","2 x 0","Corinthians - SP","Vila Belmiro - Santos - SP",""
"226","226","23","10/09/2017 - 16:00","Sport - PE","0 x 1","Avaí - SC","Ilha do Retiro - Recife - PE",""
"227","227","23","10/09/2017 - 16:00","Vitória - BA","2 x 2","Fluminense - RJ","Manoel Barradas - Salvador - BA",""
"228","228","23","10/09/2017 - 19:00","Botafogo - RJ","2 x 0","Flamengo - RJ","Nilton Santos - Rio de Janeiro - RJ",""
"229","229","23","10/09/2017 - 19:00","Chapecoense - SC","1 x 2","Cruzeiro - MG","Arena Condá - Chapeco - SC",""
"230","230","23","11/09/2017 - 20:00","Atlético - GO","1 x 1","Bahia - BA","Olímpico Pedro Ludovico - Goiania - GO",""
"231","231","24","16/09/2017 - 21:00","Ponte Preta - SP","1 x 3","Atlético - GO","Moisés Lucarelli - Campinas - SP",""
"232","232","24","16/09/2017 - 19:00","Botafogo - RJ","2 x 0","Santos - SP","Nilton Santos - Rio de Janeiro - RJ",""
"233","233","24","18/09/2017 - 20:00","Palmeiras - SP","1 x 0","Coritiba - PR","Pacaembu - Sao Paulo - SP",""
"234","234","24","17/09/2017 - 16:00","Grêmio - RS","0 x 1","Chapecoense - SC","Arena do Grêmio - Porto Alegre - RS",""
"235","235","24","17/09/2017 - 16:00","Flamengo - RJ","2 x 0","Sport - PE","Luso Brasileiro - Rio de Janeiro - RJ",""
"236","236","24","17/09/2017 - 16:00","Corinthians - SP","1 x 0","Vasco da Gama - RJ","Arena Corinthians - Sao Paulo - SP",""
"237","237","24","17/09/2017 - 16:00","Vitória - BA","1 x 2","São Paulo - SP","Manoel Barradas - Salvador - BA",""
"238","238","24","17/09/2017 - 11:00","Avaí - SC","1 x 1","Atlético - MG","Ressacada - Florianopolis - SC",""
"239","239","24","17/09/2017 - 16:00","Atlético - PR","3 x 1","Fluminense - RJ","Arena da Baixada - Curitiba - PR",""
"240","240","24","17/09/2017 - 19:00","Cruzeiro - MG","1 x 0","Bahia - BA","Mineirão - Belo Horizonte - MG",""
"241","241","25","23/09/2017 - 19:00","Flamengo - RJ","1 x 1","Avaí - SC","Luso Brasileiro - Rio de Janeiro - RJ",""
"242","242","25","23/09/2017 - 21:00","Santos - SP","1 x 0","Atlético - PR","Vila Belmiro - Santos - SP",""
"243","243","25","24/09/2017 - 11:00","São Paulo - SP","1 x 1","Corinthians - SP","Morumbi - Sao Paulo - SP",""
"244","244","25","24/09/2017 - 16:00","Fluminense - RJ","0 x 1","Palmeiras - SP","Maracanã - Rio de Janeiro - RJ",""
"245","245","25","24/09/2017 - 16:00","Coritiba - PR","2 x 3","Botafogo - RJ","Couto Pereira - Curitiba - PR",""
"246","246","25","24/09/2017 - 16:00","Atlético - GO","1 x 2","Cruzeiro - MG","Olímpico Pedro Ludovico - Goiania - GO",""
"247","247","25","24/09/2017 - 16:00","Chapecoense - SC","1 x 0","Ponte Preta - SP","Arena Condá - Chapeco - SC",""
"248","248","25","24/09/2017 - 19:00","Atlético - MG","1 x 3","Vitória - BA","Independência - Belo Horizonte - MG",""
"249","249","25","24/09/2017 - 19:00","Bahia - BA","1 x 0","Grêmio - RS","Arena Fonte Nova - Salvador - BA",""
"250","250","25","25/09/2017 - 20:00","Sport - PE","1 x 1","Vasco da Gama - RJ","Ilha do Retiro - Recife - PE",""
"251","251","26","30/09/2017 - 16:00","Vasco da Gama - RJ","1 x 1","Chapecoense - SC","São Januário - Rio de Janeiro - RJ",""
"252","252","26","30/09/2017 - 16:00","Bahia - BA","1 x 1","Coritiba - PR","Arena Fonte Nova - Salvador - BA",""
"253","253","26","30/09/2017 - 19:00","Palmeiras - SP","0 x 1","Santos - SP","Allianz Parque - Sao Paulo - SP",""
"254","254","26","01/10/2017 - 16:00","Botafogo - RJ","2 x 3","Vitória - BA","Nilton Santos - Rio de Janeiro - RJ",""
"255","255","26","01/10/2017 - 16:00","São Paulo - SP","1 x 0","Sport - PE","Morumbi - Sao Paulo - SP",""
"256","256","26","01/10/2017 - 16:00","Cruzeiro - MG","1 x 1","Corinthians - SP","Mineirão - Belo Horizonte - MG",""
"257","257","26","01/10/2017 - 16:00","Avaí - SC","0 x 2","Atlético - GO","Ressacada - Florianopolis - SC",""
"258","258","26","01/10/2017 - 16:00","Grêmio - RS","1 x 0","Fluminense - RJ","Arena do Grêmio - Porto Alegre - RS",""
"259","259","26","01/10/2017 - 19:00","Atlético - PR","0 x 2","Atlético - MG","Arena da Baixada - Curitiba - PR",""
"260","260","26","02/10/2017 - 20:00","Ponte Preta - SP","1 x 0","Flamengo - RJ","Moisés Lucarelli - Campinas - SP",""
"261","261","28","07/10/2017 - 16:00","Cruzeiro - MG","2 x 1","Ponte Preta - SP","Mineirão - Belo Horizonte - MG",""
"262","262","27","11/10/2017 - 19:30","Botafogo - RJ","2 x 1","Chapecoense - SC","Nilton Santos - Rio de Janeiro - RJ",""
"263","263","27","11/10/2017 - 19:30","Atlético - PR","2 x 2","Atlético - GO","Arena da Baixada - Curitiba - PR",""
"264","264","27","11/10/2017 - 21:00","Corinthians - SP","3 x 1","Coritiba - PR","Arena Corinthians - Sao Paulo - SP",""
"265","265","27","11/10/2017 - 21:45","Atlético - MG","1 x 0","São Paulo - SP","Independência - Belo Horizonte - MG",""
"266","266","27","11/10/2017 - 21:45","Grêmio - RS","0 x 1","Cruzeiro - MG","Arena do Grêmio - Porto Alegre - RS",""
"267","267","27","11/10/2017 - 21:45","Avaí - SC","1 x 2","Vasco da Gama - RJ","Ressacada - Florianopolis - SC",""
"268","268","27","12/10/2017 - 17:00","Flamengo - RJ","1 x 1","Fluminense - RJ","Maracanã - Rio de Janeiro - RJ",""
"269","269","27","12/10/2017 - 17:00","Vitória - BA","1 x 2","Sport - PE","Manoel Barradas - Salvador - BA",""
"270","270","27","12/10/2017 - 17:00","Ponte Preta - SP","1 x 1","Santos - SP","Moisés Lucarelli - Campinas - SP",""
"271","271","27","12/10/2017 - 21:00","Palmeiras - SP","2 x 2","Bahia - BA","Pacaembu - Sao Paulo - SP",""
"272","272","28","14/10/2017 - 19:00","Vasco da Gama - RJ","1 x 0","Botafogo - RJ","Maracanã - Rio de Janeiro - RJ",""
"273","273","28","14/10/2017 - 21:00","São Paulo - SP","2 x 1","Atlético - PR","Pacaembu - Sao Paulo - SP",""
"274","274","28","15/10/2017 - 17:00","Fluminense - RJ","1 x 0","Avaí - SC","Maracanã - Rio de Janeiro - RJ",""
"275","275","28","15/10/2017 - 17:00","Sport - PE","1 x 1","Atlético - MG","Ilha do Retiro - Recife - PE",""
"276","276","28","15/10/2017 - 17:00","Atlético - GO","1 x 3","Palmeiras - SP","Olímpico Pedro Ludovico - Goiania - GO",""
"277","277","28","15/10/2017 - 17:00","Chapecoense - SC","0 x 1","Flamengo - RJ","Arena Condá - Chapeco - SC",""
"278","278","28","15/10/2017 - 19:00","Coritiba - PR","0 x 1","Grêmio - RS","Couto Pereira - Curitiba - PR",""
"279","279","28","15/10/2017 - 19:00","Bahia - BA","2 x 0","Corinthians - SP","Arena Fonte Nova - Salvador - BA",""
"280","280","28","16/10/2017 - 20:00","Santos - SP","2 x 2","Vitória - BA","Pacaembu - Sao Paulo - SP",""
"281","281","29","18/10/2017 - 19:30","Atlético - GO","0 x 1","Vasco da Gama - RJ","Serra Dourada - Goiania - GO",""
"282","282","29","18/10/2017 - 19:30","Coritiba - PR","1 x 0","Cruzeiro - MG","Couto Pereira - Curitiba - PR",""
"283","283","29","18/10/2017 - 21:00","Atlético - MG","2 x 3","Chapecoense - SC","Independência - Belo Horizonte - MG",""
"284","284","29","18/10/2017 - 21:45","Corinthians - SP","0 x 0","Grêmio - RS","Arena Corinthians - Sao Paulo - SP",""
"285","285","29","18/10/2017 - 21:45","Fluminense - RJ","3 x 1","São Paulo - SP","Maracanã - Rio de Janeiro - RJ",""
"286","286","29","18/10/2017 - 21:45","Avaí - SC","1 x 1","Botafogo - RJ","Ressacada - Florianopolis - SC",""
"287","287","29","19/10/2017 - 20:00","Palmeiras - SP","2 x 0","Ponte Preta - SP","Pacaembu - Sao Paulo - SP",""
"288","288","29","19/10/2017 - 20:00","Vitória - BA","2 x 3","Atlético - PR","Manoel Barradas - Salvador - BA",""
"289","289","29","19/10/2017 - 21:00","Flamengo - RJ","4 x 1","Bahia - BA","Luso Brasileiro - Rio de Janeiro - RJ",""
"290","290","29","19/10/2017 - 21:00","Sport - PE","1 x 1","Santos - SP","Ilha do Retiro - Recife - PE",""
"291","291","30","23/10/2017 - 20:00","Botafogo - RJ","2 x 1","Corinthians - SP","Nilton Santos - Rio de Janeiro - RJ",""
"292","292","30","22/10/2017 - 17:00","São Paulo - SP","2 x 0","Flamengo - RJ","Pacaembu - Sao Paulo - SP",""
"293","293","30","22/10/2017 - 17:00","Cruzeiro - MG","1 x 3","Atlético - MG","Mineirão - Belo Horizonte - MG",""
"294","294","30","22/10/2017 - 17:00","Grêmio - RS","1 x 3","Palmeiras - SP","Arena do Grêmio - Porto Alegre - RS",""
"295","295","30","21/10/2017 - 17:00","Vasco da Gama - RJ","1 x 1","Coritiba - PR","Maracanã - Rio de Janeiro - RJ",""
"296","296","30","22/10/2017 - 17:00","Bahia - BA","2 x 1","Vitória - BA","Arena Fonte Nova - Salvador - BA",""
"297","297","30","22/10/2017 - 17:00","Santos - SP","1 x 0","Atlético - GO","Vila Belmiro - Santos - SP",""
"298","298","30","22/10/2017 - 19:00","Ponte Preta - SP","1 x 2","Avaí - SC","Moisés Lucarelli - Campinas - SP",""
"299","299","30","22/10/2017 - 19:00","Chapecoense - SC","2 x 0","Fluminense - RJ","Arena Condá - Chapeco - SC",""
"300","300","30","22/10/2017 - 17:00","Atlético - PR","2 x 1","Sport - PE","Arena da Baixada - Curitiba - PR",""
"301","301","31","28/10/2017 - 17:00","São Paulo - SP","2 x 1","Santos - SP","Pacaembu - Sao Paulo - SP",""
"302","302","31","28/10/2017 - 19:00","Flamengo - RJ","0 x 0","Vasco da Gama - RJ","Maracanã - Rio de Janeiro - RJ",""
"303","303","31","28/10/2017 - 21:00","Atlético - PR","0 x 0","Chapecoense - SC","Arena da Baixada - Curitiba - PR",""
"304","304","31","29/10/2017 - 17:00","Fluminense - RJ","1 x 1","Bahia - BA","Maracanã - Rio de Janeiro - RJ",""
"305","305","31","29/10/2017 - 17:00","Atlético - MG","0 x 0","Botafogo - RJ","Independência - Belo Horizonte - MG",""
"306","306","31","29/10/2017 - 17:00","Ponte Preta - SP","1 x 0","Corinthians - SP","Moisés Lucarelli - Campinas - SP",""
"307","307","31","29/10/2017 - 18:00","Sport - PE","3 x 4","Coritiba - PR","Ilha do Retiro - Recife - PE",""
"308","308","31","29/10/2017 - 18:00","Vitória - BA","1 x 1","Atlético - GO","Manoel Barradas - Salvador - BA",""
"309","309","31","29/10/2017 - 19:00","Avaí - SC","2 x 2","Grêmio - RS","Ressacada - Florianopolis - SC",""
"310","310","31","30/10/2017 - 20:00","Palmeiras - SP","2 x 2","Cruzeiro - MG","Allianz Parque - Sao Paulo - SP",""
"311","311","32","04/11/2017 - 17:00","Santos - SP","3 x 1","Atlético - MG","Vila Belmiro - Santos - SP",""
"312","312","32","04/11/2017 - 19:00","Botafogo - RJ","1 x 2","Fluminense - RJ","Nilton Santos - Rio de Janeiro - RJ",""
"313","313","32","04/11/2017 - 21:00","Coritiba - PR","4 x 0","Avaí - SC","Couto Pereira - Curitiba - PR",""
"314","314","32","05/11/2017 - 17:00","Corinthians - SP","3 x 2","Palmeiras - SP","Arena Corinthians - Sao Paulo - SP",""
"315","315","32","05/11/2017 - 17:00","Grêmio - RS","3 x 1","Flamengo - RJ","Arena do Grêmio - Porto Alegre - RS",""
"316","316","32","05/11/2017 - 19:00","Chapecoense - SC","1 x 1","Sport - PE","Arena Condá - Chapeco - SC",""
"317","317","32","05/11/2017 - 17:00","Cruzeiro - MG","1 x 0","Atlético - PR","Mineirão - Belo Horizonte - MG",""
"318","318","32","05/11/2017 - 18:00","Bahia - BA","2 x 0","Ponte Preta - SP","Arena Fonte Nova - Salvador - BA",""
"319","319","32","05/11/2017 - 19:00","Vasco da Gama - RJ","1 x 1","Vitória - BA","Maracanã - Rio de Janeiro - RJ",""
"320","320","32","04/11/2017 - 19:00","Atlético - GO","0 x 1","São Paulo - SP","Serra Dourada - Goiania - GO",""
"321","321","33","08/11/2017 - 19:30","Avaí - SC","1 x 2","Bahia - BA","Ressacada - Florianopolis - SC",""
"322","322","33","08/11/2017 - 19:30","Ponte Preta - SP","0 x 1","Grêmio - RS","Moisés Lucarelli - Campinas - SP",""
"323","323","33","08/11/2017 - 21:00","Sport - PE","1 x 2","Botafogo - RJ","Ilha do Retiro - Recife - PE",""
"324","324","33","08/11/2017 - 21:00","Atlético - PR","0 x 1","Corinthians - SP","Arena da Baixada - Curitiba - PR",""
"325","325","33","08/11/2017 - 21:45","Flamengo - RJ","2 x 0","Cruzeiro - MG","Luso Brasileiro - Rio de Janeiro - RJ",""
"326","326","33","08/11/2017 - 21:45","Santos - SP","1 x 2","Vasco da Gama - RJ","Vila Belmiro - Santos - SP",""
"327","327","33","08/11/2017 - 21:45","Vitória - BA","3 x 1","Palmeiras - SP","Manoel Barradas - Salvador - BA",""
"328","328","33","09/11/2017 - 20:00","São Paulo - SP","2 x 2","Chapecoense - SC","Pacaembu - Sao Paulo - SP",""
"329","329","33","09/11/2017 - 20:00","Atlético - MG","3 x 2","Atlético - GO","Independência - Belo Horizonte - MG",""
"330","330","33","09/11/2017 - 21:00","Fluminense - RJ","2 x 2","Coritiba - PR","Maracanã - Rio de Janeiro - RJ",""
"331","331","34","11/11/2017 - 17:00","Botafogo - RJ","0 x 1","Atlético - PR","Nilton Santos - Rio de Janeiro - RJ",""
"332","332","34","11/11/2017 - 19:00","Corinthians - SP","1 x 0","Avaí - SC","Arena Corinthians - Sao Paulo - SP",""
"333","333","34","12/11/2017 - 17:00","Vasco da Gama - RJ","1 x 1","São Paulo - SP","São Januário - Rio de Janeiro - RJ",""
"334","334","34","12/11/2017 - 17:00","Palmeiras - SP","2 x 0","Flamengo - RJ","Allianz Parque - Sao Paulo - SP",""
"335","335","34","12/11/2017 - 17:00","Atlético - GO","2 x 0","Sport - PE","Olímpico Pedro Ludovico - Goiania - GO",""
"336","336","34","12/11/2017 - 17:00","Grêmio - RS","1 x 1","Vitória - BA","Alfredo Jaconi - Caxias do Sul - RS",""
"337","337","34","12/11/2017 - 18:00","Bahia - BA","2 x 2","Atlético - MG","Arena Fonte Nova - Salvador - BA",""
"338","338","34","12/11/2017 - 19:00","Cruzeiro - MG","3 x 1","Fluminense - RJ","Mineirão - Belo Horizonte - MG",""
"339","339","34","12/11/2017 - 19:00","Coritiba - PR","1 x 1","Ponte Preta - SP","Couto Pereira - Curitiba - PR",""
"340","340","34","13/11/2017 - 20:00","Chapecoense - SC","2 x 0","Santos - SP","Arena Condá - Chapeco - SC",""
"341","341","35","15/11/2017 - 17:00","Ponte Preta - SP","2 x 1","Atlético - PR","Moisés Lucarelli - Campinas - SP",""
"342","342","35","15/11/2017 - 19:30","Grêmio - RS","1 x 0","São Paulo - SP","Arena do Grêmio - Porto Alegre - RS",""
"343","343","35","15/11/2017 - 19:30","Cruzeiro - MG","2 x 2","Avaí - SC","Mineirão - Belo Horizonte - MG",""
"344","344","35","15/11/2017 - 21:45","Vasco da Gama - RJ","1 x 1","Atlético - MG","São Januário - Rio de Janeiro - RJ",""
"345","345","35","15/11/2017 - 21:45","Corinthians - SP","3 x 1","Fluminense - RJ","Arena Corinthians - Sao Paulo - SP",""
"346","346","35","16/11/2017 - 20:00","Botafogo - RJ","1 x 2","Atlético - GO","Nilton Santos - Rio de Janeiro - RJ",""
"347","347","35","16/11/2017 - 20:00","Palmeiras - SP","5 x 1","Sport - PE","Allianz Parque - Sao Paulo - SP",""
"348","348","35","16/11/2017 - 20:00","Chapecoense - SC","2 x 1","Vitória - BA","Arena Condá - Chapeco - SC",""
"349","349","35","16/11/2017 - 21:00","Coritiba - PR","1 x 0","Flamengo - RJ","Couto Pereira - Curitiba - PR",""
"350","350","35","16/11/2017 - 21:00","Bahia - BA","3 x 1","Santos - SP","Arena Fonte Nova - Salvador - BA",""
"351","351","36","20/11/2017 - 17:00","Fluminense - RJ","2 x 0","Ponte Preta - SP","Maracanã - Rio de Janeiro - RJ",""
"352","352","36","19/11/2017 - 17:00","Flamengo - RJ","3 x 0","Corinthians - SP","Luso Brasileiro - Rio de Janeiro - RJ",""
"353","353","36","19/11/2017 - 17:00","São Paulo - SP","0 x 0","Botafogo - RJ","Pacaembu - Sao Paulo - SP",""
"354","354","36","19/11/2017 - 17:00","Vitória - BA","1 x 1","Cruzeiro - MG","Manoel Barradas - Salvador - BA",""
"355","355","36","19/11/2017 - 17:00","Atlético - GO","1 x 1","Chapecoense - SC","Olímpico Pedro Ludovico - Goiania - GO",""
"356","356","36","19/11/2017 - 17:00","Sport - PE","1 x 0","Bahia - BA","Ilha do Retiro - Recife - PE",""
"357","357","36","19/11/2017 - 19:00","Atlético - MG","3 x 0","Coritiba - PR","Independência - Belo Horizonte - MG",""
"358","358","36","19/11/2017 - 19:00","Santos - SP","1 x 0","Grêmio - RS","Vila Belmiro - Santos - SP",""
"359","359","36","19/11/2017 - 19:00","Atlético - PR","3 x 1","Vasco da Gama - RJ","Arena da Baixada - Curitiba - PR",""
"360","360","36","20/11/2017 - 20:00","Avaí - SC","2 x 1","Palmeiras - SP","Ressacada - Florianopolis - SC",""
"361","361","37","25/11/2017 - 17:00","Fluminense - RJ","1 x 2","Sport - PE","Maracanã - Rio de Janeiro - RJ",""
"362","362","37","26/11/2017 - 17:00","Grêmio - RS","1 x 1","Atlético - GO","Arena do Grêmio - Porto Alegre - RS",""
"363","363","37","26/11/2017 - 17:00","Avaí - SC","1 x 0","Atlético - PR","Ressacada - Florianopolis - SC",""
"364","364","37","26/11/2017 - 17:00","Corinthians - SP","2 x 2","Atlético - MG","Arena Corinthians - Sao Paulo - SP",""
"365","365","37","26/11/2017 - 17:00","Cruzeiro - MG","0 x 1","Vasco da Gama - RJ","Mineirão - Belo Horizonte - MG",""
"366","366","37","26/11/2017 - 17:00","Coritiba - PR","1 x 2","São Paulo - SP","Couto Pereira - Curitiba - PR",""
"367","367","37","26/11/2017 - 17:00","Ponte Preta - SP","2 x 3","Vitória - BA","Moisés Lucarelli - Campinas - SP",""
"368","368","37","26/11/2017 - 19:00","Flamengo - RJ","1 x 2","Santos - SP","Luso Brasileiro - Rio de Janeiro - RJ",""
"369","369","37","26/11/2017 - 19:00","Bahia - BA","0 x 1","Chapecoense - SC","Arena Fonte Nova - Salvador - BA",""
"370","370","37","27/11/2017 - 20:00","Palmeiras - SP","2 x 0","Botafogo - RJ","Allianz Parque - Sao Paulo - SP",""
"371","371","38","03/12/2017 - 17:00","Botafogo - RJ","2 x 2","Cruzeiro - MG","Nilton Santos - Rio de Janeiro - RJ",""
"372","372","38","03/12/2017 - 17:00","Vasco da Gama - RJ","2 x 1","Ponte Preta - SP","São Januário - Rio de Janeiro - RJ",""
"373","373","38","03/12/2017 - 17:00","Santos - SP","1 x 1","Avaí - SC","Vila Belmiro - Santos - SP",""
"374","374","38","03/12/2017 - 17:00","São Paulo - SP","1 x 1","Bahia - BA","Morumbi - Sao Paulo - SP",""
"375","375","38","03/12/2017 - 17:00","Atlético - MG","4 x 3","Grêmio - RS","Independência - Belo Horizonte - MG",""
"376","376","38","03/12/2017 - 17:00","Atlético - PR","3 x 0","Palmeiras - SP","Arena da Baixada - Curitiba - PR",""
"377","377","38","03/12/2017 - 17:00","Sport - PE","1 x 0","Corinthians - SP","Ilha do Retiro - Recife - PE",""
"378","378","38","03/12/2017 - 17:00","Vitória - BA","1 x 2","Flamengo - RJ","Manoel Barradas - Salvador - BA",""
"379","379","38","03/12/2017 - 17:00","Atlético - GO","1 x 1","Fluminense - RJ","Olímpico Pedro Ludovico - Goiania - GO",""
"380","380","38","03/12/2017 - 17:00","Chapecoense - SC","2 x 1","Coritiba - PR","Arena Condá - Chapeco - SC",""
