"","game","round","date","home_team","score","away_team","arena","X"
"1","1","1","09/05/2015 - 18:30","Palmeiras - SP","2 x 2","Atlético - MG","Allianz Parque - Sao Paulo - SP",""
"2","2","1","09/05/2015 - 18:30","Chapecoense - SC","2 x 1","Coritiba - PR","Arena Condá - Chapeco - SC",""
"3","3","1","09/05/2015 - 21:00","Fluminense - RJ","1 x 0","Joinville - SC","Maracanã - Rio de Janeiro - RJ",""
"4","4","1","10/05/2015 - 16:00","São Paulo - SP","2 x 1","Flamengo - RJ","Morumbi - Sao Paulo - SP",""
"5","5","1","10/05/2015 - 16:00","Cruzeiro - MG","0 x 1","Corinthians - SP","Arena Pantanal - Cuiaba - MT",""
"6","6","1","10/05/2015 - 16:00","Atlético - PR","3 x 0","Internacional - RS","Arena da Baixada - Curitiba - PR",""
"7","7","1","10/05/2015 - 16:00","Sport - PE","4 x 1","Figueirense - SC","Ilha do Retiro - Recife - PE",""
"8","8","1","10/05/2015 - 18:30","Vasco da Gama - RJ","0 x 0","Goiás - GO","São Januário - Rio de Janeiro - RJ",""
"9","9","1","10/05/2015 - 11:00","Grêmio - RS","3 x 3","Ponte Preta - SP","Arena do Grêmio - Porto Alegre - RS",""
"10","10","1","10/05/2015 - 18:30","Avaí - SC","1 x 1","Santos - SP","Ressacada - Florianopolis - SC",""
"11","11","2","16/05/2015 - 18:30","Coritiba - PR","2 x 0","Grêmio - RS","Couto Pereira - Curitiba - PR",""
"12","12","2","16/05/2015 - 18:30","Goiás - GO","2 x 0","Atlético - PR","Serra Dourada - Goiania - GO",""
"13","13","2","16/05/2015 - 21:00","Corinthians - SP","1 x 0","Chapecoense - SC","Fonte Luminosa - Araraquara - SP",""
"14","14","2","17/05/2015 - 16:00","Flamengo - RJ","2 x 2","Sport - PE","Maracanã - Rio de Janeiro - RJ",""
"15","15","2","17/05/2015 - 16:00","Santos - SP","1 x 0","Cruzeiro - MG","Vila Belmiro - Santos - SP",""
"16","16","2","17/05/2015 - 16:00","Atlético - MG","4 x 1","Fluminense - RJ","Mané Garrincha - Brasilia - DF",""
"17","17","2","17/05/2015 - 18:30","Joinville - SC","0 x 0","Palmeiras - SP","Arena Joinville - Joinville - SC",""
"18","18","2","17/05/2015 - 18:30","Ponte Preta - SP","1 x 0","São Paulo - SP","Moisés Lucarelli - Campinas - SP",""
"19","19","2","17/05/2015 - 18:30","Internacional - RS","1 x 0","Avaí - SC","Beira-Rio - Porto Alegre - RS",""
"20","20","2","17/05/2015 - 11:00","Figueirense - SC","0 x 0","Vasco da Gama - RJ","Orlando Scarpelli - Florianopolis - SC",""
"21","21","3","23/05/2015 - 18:30","São Paulo - SP","3 x 0","Joinville - SC","Morumbi - Sao Paulo - SP",""
"22","22","3","23/05/2015 - 18:30","Vasco da Gama - RJ","1 x 1","Internacional - RS","São Januário - Rio de Janeiro - RJ",""
"23","23","3","23/05/2015 - 21:00","Grêmio - RS","1 x 0","Figueirense - SC","Arena do Grêmio - Porto Alegre - RS",""
"24","24","3","24/05/2015 - 16:00","Fluminense - RJ","0 x 0","Corinthians - SP","Maracanã - Rio de Janeiro - RJ",""
"25","25","3","24/05/2015 - 16:00","Avaí - SC","2 x 1","Flamengo - RJ","Ressacada - Florianopolis - SC",""
"26","26","3","24/05/2015 - 16:00","Atlético - PR","1 x 0","Atlético - MG","Arena da Baixada - Curitiba - PR",""
"27","27","3","24/05/2015 - 16:00","Chapecoense - SC","1 x 0","Santos - SP","Arena Condá - Chapeco - SC",""
"28","28","3","24/05/2015 - 11:00","Palmeiras - SP","0 x 1","Goiás - GO","Allianz Parque - Sao Paulo - SP",""
"29","29","3","24/05/2015 - 18:30","Cruzeiro - MG","1 x 1","Ponte Preta - SP","Mineirão - Belo Horizonte - MG",""
"30","30","3","24/05/2015 - 18:30","Sport - PE","1 x 0","Coritiba - PR","Ilha do Retiro - Recife - PE",""
"31","31","4","30/05/2015 - 18:30","Ponte Preta - SP","3 x 1","Chapecoense - SC","Moisés Lucarelli - Campinas - SP",""
"32","32","4","30/05/2015 - 18:30","Coritiba - PR","1 x 2","Avaí - SC","Couto Pereira - Curitiba - PR",""
"33","33","4","30/05/2015 - 21:00","Joinville - SC","1 x 2","Atlético - PR","Arena Joinville - Joinville - SC",""
"34","34","4","31/05/2015 - 16:00","Corinthians - SP","0 x 2","Palmeiras - SP","Arena Corinthians - Sao Paulo - SP",""
"35","35","4","31/05/2015 - 16:00","Internacional - RS","0 x 0","São Paulo - SP","Beira-Rio - Porto Alegre - RS",""
"36","36","4","31/05/2015 - 16:00","Atlético - MG","3 x 0","Vasco da Gama - RJ","Independência - Belo Horizonte - MG",""
"37","37","4","31/05/2015 - 16:00","Goiás - GO","1 x 1","Grêmio - RS","Serra Dourada - Goiania - GO",""
"38","38","4","31/05/2015 - 11:00","Santos - SP","2 x 2","Sport - PE","Vila Belmiro - Santos - SP",""
"39","39","4","31/05/2015 - 18:30","Flamengo - RJ","2 x 3","Fluminense - RJ","Maracanã - Rio de Janeiro - RJ",""
"40","40","4","31/05/2015 - 18:30","Figueirense - SC","2 x 1","Cruzeiro - MG","Orlando Scarpelli - Florianopolis - SC",""
"41","41","5","03/06/2015 - 19:30","Vasco da Gama - RJ","0 x 3","Ponte Preta - SP","São Januário - Rio de Janeiro - RJ",""
"42","42","5","03/06/2015 - 19:30","Atlético - PR","1 x 0","Figueirense - SC","Arena da Baixada - Curitiba - PR",""
"43","43","5","03/06/2015 - 19:30","Chapecoense - SC","2 x 0","Joinville - SC","Arena Condá - Chapeco - SC",""
"44","44","5","03/06/2015 - 21:00","São Paulo - SP","3 x 2","Santos - SP","Morumbi - Sao Paulo - SP",""
"45","45","5","03/06/2015 - 22:00","Grêmio - RS","3 x 1","Corinthians - SP","Arena do Grêmio - Porto Alegre - RS",""
"46","46","5","03/06/2015 - 22:00","Cruzeiro - MG","1 x 0","Flamengo - RJ","Mineirão - Belo Horizonte - MG",""
"47","47","5","03/06/2015 - 22:00","Avaí - SC","1 x 4","Atlético - MG","Ressacada - Florianopolis - SC",""
"48","48","5","04/06/2015 - 16:00","Fluminense - RJ","2 x 0","Coritiba - PR","Maracanã - Rio de Janeiro - RJ",""
"49","49","5","04/06/2015 - 21:00","Sport - PE","1 x 0","Goiás - GO","Ilha do Retiro - Recife - PE",""
"50","50","5","04/06/2015 - 21:00","Palmeiras - SP","1 x 1","Internacional - RS","Allianz Parque - Sao Paulo - SP",""
"51","51","6","06/06/2015 - 18:30","Santos - SP","2 x 2","Ponte Preta - SP","Vila Belmiro - Santos - SP",""
"52","52","6","06/06/2015 - 18:30","Flamengo - RJ","1 x 0","Chapecoense - SC","Maracanã - Rio de Janeiro - RJ",""
"53","53","6","06/06/2015 - 18:30","Atlético - MG","1 x 3","Cruzeiro - MG","Independência - Belo Horizonte - MG",""
"54","54","6","06/06/2015 - 22:00","São Paulo - SP","2 x 0","Grêmio - RS","Morumbi - Sao Paulo - SP",""
"55","55","6","06/06/2015 - 22:00","Atlético - PR","2 x 0","Vasco da Gama - RJ","Arena da Baixada - Curitiba - PR",""
"56","56","6","06/06/2015 - 22:00","Joinville - SC","0 x 1","Corinthians - SP","Arena Joinville - Joinville - SC",""
"57","57","6","07/06/2015 - 19:30","Fluminense - RJ","0 x 0","Sport - PE","Maracanã - Rio de Janeiro - RJ",""
"58","58","6","07/06/2015 - 11:00","Internacional - RS","2 x 0","Coritiba - PR","Beira-Rio - Porto Alegre - RS",""
"59","59","6","07/06/2015 - 19:30","Figueirense - SC","2 x 1","Palmeiras - SP","Orlando Scarpelli - Florianopolis - SC",""
"60","60","6","07/06/2015 - 19:30","Goiás - GO","0 x 1","Avaí - SC","Serra Dourada - Goiania - GO",""
"61","61","7","10/06/2015 - 19:30","Atlético - MG","2 x 2","Santos - SP","Independência - Belo Horizonte - MG",""
"62","62","7","13/06/2015 - 16:30","Corinthians - SP","2 x 1","Internacional - RS","Arena Corinthians - Sao Paulo - SP",""
"63","63","7","13/06/2015 - 16:30","Coritiba - PR","0 x 1","Flamengo - RJ","Couto Pereira - Curitiba - PR",""
"64","64","7","13/06/2015 - 16:30","Chapecoense - SC","0 x 1","São Paulo - SP","Arena Condá - Chapeco - SC",""
"65","65","7","13/06/2015 - 21:00","Vasco da Gama - RJ","1 x 3","Cruzeiro - MG","São Januário - Rio de Janeiro - RJ",""
"66","66","7","13/06/2015 - 21:00","Sport - PE","2 x 1","Joinville - SC","Ilha do Retiro - Recife - PE",""
"67","67","7","14/06/2015 - 16:00","Palmeiras - SP","2 x 1","Fluminense - RJ","Allianz Parque - Sao Paulo - SP",""
"68","68","7","14/06/2015 - 11:00","Ponte Preta - SP","0 x 0","Goiás - GO","Moisés Lucarelli - Campinas - SP",""
"69","69","7","14/06/2015 - 16:00","Grêmio - RS","2 x 1","Atlético - PR","Arena do Grêmio - Porto Alegre - RS",""
"70","70","7","14/06/2015 - 16:00","Avaí - SC","1 x 1","Figueirense - SC","Ressacada - Florianopolis - SC",""
"71","71","8","18/06/2015 - 21:00","Figueirense - SC","0 x 0","Internacional - RS","Orlando Scarpelli - Florianopolis - SC",""
"72","72","8","20/06/2015 - 16:30","Santos - SP","1 x 0","Corinthians - SP","Vila Belmiro - Santos - SP",""
"73","73","8","20/06/2015 - 16:30","Flamengo - RJ","0 x 2","Atlético - MG","Maracanã - Rio de Janeiro - RJ",""
"74","74","8","20/06/2015 - 16:30","Sport - PE","2 x 1","Vasco da Gama - RJ","Arena Pernambuco - Sao Lourenco da Mata - PE",""
"75","75","8","20/06/2015 - 21:00","Grêmio - RS","1 x 0","Palmeiras - SP","Arena do Grêmio - Porto Alegre - RS",""
"76","76","8","21/06/2015 - 11:00","Cruzeiro - MG","0 x 1","Chapecoense - SC","Mineirão - Belo Horizonte - MG",""
"77","77","8","21/06/2015 - 16:00","São Paulo - SP","1 x 1","Avaí - SC","Morumbi - Sao Paulo - SP",""
"78","78","8","21/06/2015 - 16:00","Atlético - PR","2 x 2","Coritiba - PR","Arena da Baixada - Curitiba - PR",""
"79","79","8","21/06/2015 - 16:00","Joinville - SC","2 x 1","Goiás - GO","Arena Joinville - Joinville - SC",""
"80","80","8","24/06/2015 - 19:30","Fluminense - RJ","2 x 0","Ponte Preta - SP","Maracanã - Rio de Janeiro - RJ",""
"81","81","9","27/06/2015 - 16:00","Avaí - SC","1 x 2","Grêmio - RS","Ressacada - Florianopolis - SC",""
"82","82","9","27/06/2015 - 16:00","Chapecoense - SC","1 x 1","Sport - PE","Arena Condá - Chapeco - SC",""
"83","83","9","27/06/2015 - 21:00","Corinthians - SP","2 x 1","Figueirense - SC","Arena Corinthians - Sao Paulo - SP",""
"84","84","9","28/06/2015 - 16:00","Palmeiras - SP","4 x 0","São Paulo - SP","Allianz Parque - Sao Paulo - SP",""
"85","85","9","28/06/2015 - 16:00","Ponte Preta - SP","2 x 1","Atlético - PR","Moisés Lucarelli - Campinas - SP",""
"86","86","9","28/06/2015 - 16:00","Coritiba - PR","1 x 0","Cruzeiro - MG","Couto Pereira - Curitiba - PR",""
"87","87","9","28/06/2015 - 16:00","Goiás - GO","1 x 2","Fluminense - RJ","Serra Dourada - Goiania - GO",""
"88","88","9","28/06/2015 - 18:30","Vasco da Gama - RJ","1 x 0","Flamengo - RJ","Arena Pantanal - Cuiaba - MT",""
"89","89","9","28/06/2015 - 18:30","Internacional - RS","1 x 0","Santos - SP","Beira-Rio - Porto Alegre - RS",""
"90","90","9","28/06/2015 - 11:00","Atlético - MG","1 x 0","Joinville - SC","Mineirão - Belo Horizonte - MG",""
"91","91","10","01/07/2015 - 19:30","Vasco da Gama - RJ","1 x 0","Avaí - SC","São Januário - Rio de Janeiro - RJ",""
"92","92","10","01/07/2015 - 19:30","Sport - PE","3 x 0","Internacional - RS","Ilha do Retiro - Recife - PE",""
"93","93","10","01/07/2015 - 21:00","Palmeiras - SP","2 x 0","Chapecoense - SC","Allianz Parque - Sao Paulo - SP",""
"94","94","10","01/07/2015 - 21:00","Atlético - MG","2 x 0","Coritiba - PR","Independência - Belo Horizonte - MG",""
"95","95","10","01/07/2015 - 22:00","Grêmio - RS","1 x 0","Cruzeiro - MG","Arena do Grêmio - Porto Alegre - RS",""
"96","96","10","01/07/2015 - 22:00","Atlético - PR","2 x 1","São Paulo - SP","Arena da Baixada - Curitiba - PR",""
"97","97","10","01/07/2015 - 22:00","Joinville - SC","0 x 1","Flamengo - RJ","Arena Joinville - Joinville - SC",""
"98","98","10","02/07/2015 - 19:30","Corinthians - SP","2 x 0","Ponte Preta - SP","Arena Corinthians - Sao Paulo - SP",""
"99","99","10","02/07/2015 - 19:30","Figueirense - SC","3 x 1","Goiás - GO","Orlando Scarpelli - Florianopolis - SC",""
"100","100","10","02/07/2015 - 21:00","Fluminense - RJ","2 x 1","Santos - SP","Maracanã - Rio de Janeiro - RJ",""
"101","101","11","04/07/2015 - 15:00","Coritiba - PR","0 x 0","Joinville - SC","Couto Pereira - Curitiba - PR",""
"102","102","11","04/07/2015 - 21:00","Chapecoense - SC","1 x 0","Vasco da Gama - RJ","Arena Condá - Chapeco - SC",""
"103","103","11","04/07/2015 - 21:00","Cruzeiro - MG","2 x 0","Atlético - PR","Mineirão - Belo Horizonte - MG",""
"104","104","11","05/07/2015 - 11:00","Avaí - SC","2 x 2","Sport - PE","Ressacada - Florianopolis - SC",""
"105","105","11","05/07/2015 - 16:00","São Paulo - SP","0 x 0","Fluminense - RJ","Morumbi - Sao Paulo - SP",""
"106","106","11","05/07/2015 - 16:00","Santos - SP","1 x 3","Grêmio - RS","Vila Belmiro - Santos - SP",""
"107","107","11","05/07/2015 - 16:00","Goiás - GO","0 x 0","Corinthians - SP","Serra Dourada - Goiania - GO",""
"108","108","11","05/07/2015 - 18:30","Ponte Preta - SP","0 x 2","Palmeiras - SP","Arena Pantanal - Cuiaba - MT",""
"109","109","11","05/07/2015 - 18:30","Flamengo - RJ","1 x 2","Figueirense - SC","Maracanã - Rio de Janeiro - RJ",""
"110","110","11","05/07/2015 - 18:30","Internacional - RS","1 x 3","Atlético - MG","Beira-Rio - Porto Alegre - RS",""
"111","111","12","08/07/2015 - 19:30","Coritiba - PR","0 x 0","Ponte Preta - SP","Couto Pereira - Curitiba - PR",""
"112","112","12","08/07/2015 - 19:30","Goiás - GO","4 x 1","Santos - SP","Serra Dourada - Goiania - GO",""
"113","113","12","08/07/2015 - 19:30","Chapecoense - SC","1 x 0","Grêmio - RS","Arena Condá - Chapeco - SC",""
"114","114","12","08/07/2015 - 21:00","Palmeiras - SP","3 x 0","Avaí - SC","Allianz Parque - Sao Paulo - SP",""
"115","115","12","08/07/2015 - 21:00","Figueirense - SC","0 x 2","Joinville - SC","Orlando Scarpelli - Florianopolis - SC",""
"116","116","12","08/07/2015 - 22:00","Vasco da Gama - RJ","0 x 4","São Paulo - SP","Mané Garrincha - Brasilia - DF",""
"117","117","12","08/07/2015 - 22:00","Internacional - RS","1 x 2","Flamengo - RJ","Beira-Rio - Porto Alegre - RS",""
"118","118","12","08/07/2015 - 22:00","Atlético - MG","2 x 1","Sport - PE","Mineirão - Belo Horizonte - MG",""
"119","119","12","09/07/2015 - 19:30","Corinthians - SP","2 x 0","Atlético - PR","Arena Corinthians - Sao Paulo - SP",""
"120","120","12","09/07/2015 - 21:00","Fluminense - RJ","1 x 0","Cruzeiro - MG","Maracanã - Rio de Janeiro - RJ",""
"121","121","13","11/07/2015 - 18:30","Santos - SP","3 x 0","Figueirense - SC","Vila Belmiro - Santos - SP",""
"122","122","13","11/07/2015 - 18:30","Grêmio - RS","2 x 0","Vasco da Gama - RJ","Arena do Grêmio - Porto Alegre - RS",""
"123","123","13","11/07/2015 - 21:00","Ponte Preta - SP","0 x 2","Atlético - MG","Moisés Lucarelli - Campinas - SP",""
"124","124","13","12/07/2015 - 11:00","São Paulo - SP","3 x 1","Coritiba - PR","Morumbi - Sao Paulo - SP",""
"125","125","13","12/07/2015 - 16:00","Flamengo - RJ","0 x 3","Corinthians - SP","Maracanã - Rio de Janeiro - RJ",""
"126","126","13","12/07/2015 - 16:00","Cruzeiro - MG","1 x 0","Goiás - GO","Mineirão - Belo Horizonte - MG",""
"127","127","13","12/07/2015 - 16:00","Atlético - PR","1 x 2","Fluminense - RJ","Arena da Baixada - Curitiba - PR",""
"128","128","13","12/07/2015 - 16:00","Joinville - SC","0 x 2","Internacional - RS","Arena Joinville - Joinville - SC",""
"129","129","13","12/07/2015 - 18:30","Avaí - SC","2 x 1","Chapecoense - SC","Ressacada - Florianopolis - SC",""
"130","130","13","12/07/2015 - 18:30","Sport - PE","2 x 2","Palmeiras - SP","Arena Pernambuco - Sao Lourenco da Mata - PE",""
"131","131","14","18/07/2015 - 21:00","Corinthians - SP","1 x 0","Atlético - MG","Arena Corinthians - Sao Paulo - SP",""
"132","132","14","18/07/2015 - 18:30","Internacional - RS","2 x 1","Goiás - GO","Beira-Rio - Porto Alegre - RS",""
"133","133","14","18/07/2015 - 18:30","Flamengo - RJ","1 x 0","Grêmio - RS","Maracanã - Rio de Janeiro - RJ",""
"134","134","14","19/07/2015 - 11:00","Atlético - PR","1 x 0","Chapecoense - SC","Arena da Baixada - Curitiba - PR",""
"135","135","14","19/07/2015 - 16:00","Palmeiras - SP","1 x 0","Santos - SP","Allianz Parque - Sao Paulo - SP",""
"136","136","14","19/07/2015 - 16:00","Fluminense - RJ","1 x 2","Vasco da Gama - RJ","Maracanã - Rio de Janeiro - RJ",""
"137","137","14","19/07/2015 - 16:00","Figueirense - SC","0 x 0","Coritiba - PR","Orlando Scarpelli - Florianopolis - SC",""
"138","138","14","19/07/2015 - 16:00","Sport - PE","2 x 0","São Paulo - SP","Arena Pernambuco - Sao Lourenco da Mata - PE",""
"139","139","14","19/07/2015 - 18:30","Cruzeiro - MG","1 x 1","Avaí - SC","Mineirão - Belo Horizonte - MG",""
"140","140","14","19/07/2015 - 18:30","Joinville - SC","1 x 1","Ponte Preta - SP","Arena Joinville - Joinville - SC",""
"141","141","15","25/07/2015 - 18:30","Avaí - SC","1 x 2","Atlético - PR","Ressacada - Florianopolis - SC",""
"142","142","15","25/07/2015 - 19:30","Grêmio - RS","1 x 1","Sport - PE","Arena do Grêmio - Porto Alegre - RS",""
"143","143","15","25/07/2015 - 21:00","Atlético - MG","1 x 0","Figueirense - SC","Independência - Belo Horizonte - MG",""
"144","144","15","26/07/2015 - 11:00","Chapecoense - SC","2 x 1","Fluminense - RJ","Arena Condá - Chapeco - SC",""
"145","145","15","26/07/2015 - 16:00","Coritiba - PR","1 x 1","Corinthians - SP","Couto Pereira - Curitiba - PR",""
"146","146","15","26/07/2015 - 16:00","Goiás - GO","0 x 1","Flamengo - RJ","Serra Dourada - Goiania - GO",""
"147","147","15","26/07/2015 - 16:00","São Paulo - SP","1 x 0","Cruzeiro - MG","Morumbi - Sao Paulo - SP",""
"148","148","15","26/07/2015 - 16:00","Ponte Preta - SP","0 x 0","Internacional - RS","Moisés Lucarelli - Campinas - SP",""
"149","149","15","26/07/2015 - 11:00","Santos - SP","2 x 0","Joinville - SC","Vila Belmiro - Santos - SP",""
"150","150","15","26/07/2015 - 18:30","Vasco da Gama - RJ","1 x 4","Palmeiras - SP","São Januário - Rio de Janeiro - RJ",""
"151","151","16","29/07/2015 - 22:00","Corinthians - SP","3 x 0","Vasco da Gama - RJ","Arena Corinthians - Sao Paulo - SP",""
"152","152","16","29/07/2015 - 22:00","Atlético - MG","3 x 1","São Paulo - SP","Mineirão - Belo Horizonte - MG",""
"153","153","16","01/08/2015 - 18:30","Fluminense - RJ","1 x 0","Grêmio - RS","Maracanã - Rio de Janeiro - RJ",""
"154","154","16","02/08/2015 - 11:00","Palmeiras - SP","0 x 1","Atlético - PR","Allianz Parque - Sao Paulo - SP",""
"155","155","16","02/08/2015 - 11:00","Coritiba - PR","1 x 1","Goiás - GO","Couto Pereira - Curitiba - PR",""
"156","156","16","02/08/2015 - 16:00","Flamengo - RJ","2 x 2","Santos - SP","Maracanã - Rio de Janeiro - RJ",""
"157","157","16","02/08/2015 - 16:00","Internacional - RS","0 x 0","Chapecoense - SC","Beira-Rio - Porto Alegre - RS",""
"158","158","16","02/08/2015 - 16:00","Figueirense - SC","3 x 1","Ponte Preta - SP","Orlando Scarpelli - Florianopolis - SC",""
"159","159","16","02/08/2015 - 16:00","Joinville - SC","2 x 0","Avaí - SC","Arena Joinville - Joinville - SC",""
"160","160","16","02/08/2015 - 18:30","Sport - PE","0 x 0","Cruzeiro - MG","Arena Pernambuco - Sao Lourenco da Mata - PE",""
"161","161","17","08/08/2015 - 18:30","Avaí - SC","1 x 0","Fluminense - RJ","Ressacada - Florianopolis - SC",""
"162","162","17","08/08/2015 - 21:00","Santos - SP","3 x 0","Coritiba - PR","Vila Belmiro - Santos - SP",""
"163","163","17","09/08/2015 - 18:30","Chapecoense - SC","2 x 2","Figueirense - SC","Arena Condá - Chapeco - SC",""
"164","164","17","09/08/2015 - 11:00","Atlético - PR","1 x 1","Sport - PE","Arena da Baixada - Curitiba - PR",""
"165","165","17","09/08/2015 - 11:00","Vasco da Gama - RJ","0 x 0","Joinville - SC","Maracanã - Rio de Janeiro - RJ",""
"166","166","17","09/08/2015 - 16:00","São Paulo - SP","1 x 1","Corinthians - SP","Morumbi - Sao Paulo - SP",""
"167","167","17","09/08/2015 - 16:00","Ponte Preta - SP","1 x 0","Flamengo - RJ","Moisés Lucarelli - Campinas - SP",""
"168","168","17","09/08/2015 - 16:00","Cruzeiro - MG","2 x 1","Palmeiras - SP","Mineirão - Belo Horizonte - MG",""
"169","169","17","09/08/2015 - 16:00","Goiás - GO","0 x 0","Atlético - MG","Serra Dourada - Goiania - GO",""
"170","170","17","09/08/2015 - 18:30","Grêmio - RS","5 x 0","Internacional - RS","Arena do Grêmio - Porto Alegre - RS",""
"171","171","18","12/08/2015 - 19:30","Flamengo - RJ","3 x 2","Atlético - PR","Maracanã - Rio de Janeiro - RJ",""
"172","172","18","12/08/2015 - 19:30","Coritiba - PR","2 x 1","Palmeiras - SP","Couto Pereira - Curitiba - PR",""
"173","173","18","12/08/2015 - 21:00","Goiás - GO","0 x 0","Chapecoense - SC","Serra Dourada - Goiania - GO",""
"174","174","18","12/08/2015 - 21:00","Santos - SP","1 x 0","Vasco da Gama - RJ","Vila Belmiro - Santos - SP",""
"175","175","18","12/08/2015 - 22:00","Corinthians - SP","4 x 3","Sport - PE","Arena Corinthians - Sao Paulo - SP",""
"176","176","18","12/08/2015 - 22:00","Internacional - RS","1 x 0","Fluminense - RJ","Beira-Rio - Porto Alegre - RS",""
"177","177","18","12/08/2015 - 22:00","Figueirense - SC","0 x 2","São Paulo - SP","Orlando Scarpelli - Florianopolis - SC",""
"178","178","18","13/08/2015 - 19:30","Ponte Preta - SP","2 x 0","Avaí - SC","Moisés Lucarelli - Campinas - SP",""
"179","179","18","13/08/2015 - 21:00","Joinville - SC","3 x 0","Cruzeiro - MG","Arena Joinville - Joinville - SC",""
"180","180","18","13/08/2015 - 21:00","Atlético - MG","0 x 2","Grêmio - RS","Mineirão - Belo Horizonte - MG",""
"181","181","19","15/08/2015 - 18:30","Vasco da Gama - RJ","0 x 1","Coritiba - PR","Maracanã - Rio de Janeiro - RJ",""
"182","182","19","15/08/2015 - 18:30","Atlético - PR","0 x 0","Santos - SP","Arena da Baixada - Curitiba - PR",""
"183","183","19","15/08/2015 - 21:00","São Paulo - SP","0 x 3","Goiás - GO","Morumbi - Sao Paulo - SP",""
"184","184","19","16/08/2015 - 16:00","Fluminense - RJ","2 x 1","Figueirense - SC","Maracanã - Rio de Janeiro - RJ",""
"185","185","19","16/08/2015 - 18:30","Grêmio - RS","2 x 1","Joinville - SC","Arena do Grêmio - Porto Alegre - RS",""
"186","186","19","16/08/2015 - 11:00","Palmeiras - SP","4 x 2","Flamengo - RJ","Allianz Parque - Sao Paulo - SP",""
"187","187","19","16/08/2015 - 16:00","Cruzeiro - MG","0 x 0","Internacional - RS","Mineirão - Belo Horizonte - MG",""
"188","188","19","16/08/2015 - 16:00","Avaí - SC","1 x 2","Corinthians - SP","Ressacada - Florianopolis - SC",""
"189","189","19","16/08/2015 - 16:00","Sport - PE","1 x 1","Ponte Preta - SP","Ilha do Retiro - Recife - PE",""
"190","190","19","16/08/2015 - 18:30","Chapecoense - SC","2 x 1","Atlético - MG","Arena Condá - Chapeco - SC",""
"191","191","20","22/08/2015 - 18:30","Goiás - GO","3 x 0","Vasco da Gama - RJ","Serra Dourada - Goiania - GO",""
"192","192","20","22/08/2015 - 18:30","Santos - SP","5 x 2","Avaí - SC","Vila Belmiro - Santos - SP",""
"193","193","20","23/08/2015 - 11:00","Ponte Preta - SP","0 x 0","Grêmio - RS","Moisés Lucarelli - Campinas - SP",""
"194","194","20","23/08/2015 - 11:00","Coritiba - PR","1 x 0","Chapecoense - SC","Couto Pereira - Curitiba - PR",""
"195","195","20","23/08/2015 - 16:00","Corinthians - SP","3 x 0","Cruzeiro - MG","Arena Corinthians - Sao Paulo - SP",""
"196","196","20","23/08/2015 - 16:00","Joinville - SC","2 x 1","Fluminense - RJ","Arena Joinville - Joinville - SC",""
"197","197","20","23/08/2015 - 16:00","Flamengo - RJ","2 x 1","São Paulo - SP","Maracanã - Rio de Janeiro - RJ",""
"198","198","20","23/08/2015 - 16:00","Internacional - RS","2 x 0","Atlético - PR","Beira-Rio - Porto Alegre - RS",""
"199","199","20","23/08/2015 - 18:30","Atlético - MG","2 x 1","Palmeiras - SP","Independência - Belo Horizonte - MG",""
"200","200","20","22/08/2015 - 21:00","Figueirense - SC","2 x 1","Sport - PE","Orlando Scarpelli - Florianopolis - SC",""
"201","201","21","29/08/2015 - 18:30","Vasco da Gama - RJ","0 x 1","Figueirense - SC","Maracanã - Rio de Janeiro - RJ",""
"202","202","21","29/08/2015 - 21:00","São Paulo - SP","3 x 0","Ponte Preta - SP","Morumbi - Sao Paulo - SP",""
"203","203","21","30/08/2015 - 11:00","Avaí - SC","3 x 0","Internacional - RS","Ressacada - Florianopolis - SC",""
"204","204","21","30/08/2015 - 11:00","Grêmio - RS","0 x 0","Coritiba - PR","Arena do Grêmio - Porto Alegre - RS",""
"205","205","21","30/08/2015 - 16:00","Fluminense - RJ","1 x 2","Atlético - MG","Maracanã - Rio de Janeiro - RJ",""
"206","206","21","30/08/2015 - 16:00","Sport - PE","0 x 1","Flamengo - RJ","Arena Pernambuco - Sao Lourenco da Mata - PE",""
"207","207","21","30/08/2015 - 16:00","Chapecoense - SC","1 x 3","Corinthians - SP","Arena Condá - Chapeco - SC",""
"208","208","21","30/08/2015 - 16:00","Palmeiras - SP","3 x 2","Joinville - SC","Allianz Parque - Sao Paulo - SP",""
"209","209","21","30/08/2015 - 18:30","Cruzeiro - MG","0 x 1","Santos - SP","Mineirão - Belo Horizonte - MG",""
"210","210","21","30/08/2015 - 18:30","Atlético - PR","3 x 0","Goiás - GO","Arena da Baixada - Curitiba - PR",""
"211","211","22","02/09/2015 - 19:30","Internacional - RS","6 x 0","Vasco da Gama - RJ","Beira-Rio - Porto Alegre - RS",""
"212","212","22","02/09/2015 - 19:30","Joinville - SC","0 x 0","São Paulo - SP","Arena Joinville - Joinville - SC",""
"213","213","22","02/09/2015 - 21:00","Flamengo - RJ","3 x 0","Avaí - SC","Arena das Dunas - Natal - RN",""
"214","214","22","02/09/2015 - 21:00","Atlético - MG","0 x 1","Atlético - PR","Independência - Belo Horizonte - MG",""
"215","215","22","02/09/2015 - 22:00","Corinthians - SP","2 x 0","Fluminense - RJ","Arena Corinthians - Sao Paulo - SP",""
"216","216","22","02/09/2015 - 22:00","Coritiba - PR","0 x 0","Sport - PE","Couto Pereira - Curitiba - PR",""
"217","217","22","02/09/2015 - 22:00","Goiás - GO","1 x 0","Palmeiras - SP","Serra Dourada - Goiania - GO",""
"218","218","22","03/09/2015 - 19:30","Santos - SP","3 x 1","Chapecoense - SC","Vila Belmiro - Santos - SP",""
"219","219","22","02/09/2015 - 19:30","Ponte Preta - SP","1 x 2","Cruzeiro - MG","Moisés Lucarelli - Campinas - SP",""
"220","220","22","03/09/2015 - 21:00","Figueirense - SC","0 x 2","Grêmio - RS","Orlando Scarpelli - Florianopolis - SC",""
"221","221","23","05/09/2015 - 19:30","São Paulo - SP","2 x 0","Internacional - RS","Morumbi - Sao Paulo - SP",""
"222","222","23","05/09/2015 - 19:30","Vasco da Gama - RJ","1 x 2","Atlético - MG","Maracanã - Rio de Janeiro - RJ",""
"223","223","23","05/09/2015 - 21:00","Atlético - PR","0 x 0","Joinville - SC","Arena da Baixada - Curitiba - PR",""
"224","224","23","06/09/2015 - 11:00","Cruzeiro - MG","5 x 1","Figueirense - SC","Mineirão - Belo Horizonte - MG",""
"225","225","23","06/09/2015 - 11:00","Chapecoense - SC","0 x 0","Ponte Preta - SP","Arena Condá - Chapeco - SC",""
"226","226","23","06/09/2015 - 16:00","Palmeiras - SP","3 x 3","Corinthians - SP","Allianz Parque - Sao Paulo - SP",""
"227","227","23","06/09/2015 - 16:00","Fluminense - RJ","1 x 3","Flamengo - RJ","Maracanã - Rio de Janeiro - RJ",""
"228","228","23","06/09/2015 - 16:00","Grêmio - RS","2 x 1","Goiás - GO","Arena do Grêmio - Porto Alegre - RS",""
"229","229","23","06/09/2015 - 16:00","Avaí - SC","0 x 2","Coritiba - PR","Ressacada - Florianopolis - SC",""
"230","230","23","06/09/2015 - 18:30","Sport - PE","1 x 1","Santos - SP","Ilha do Retiro - Recife - PE",""
"231","231","24","09/09/2015 - 19:30","Internacional - RS","1 x 0","Palmeiras - SP","Beira-Rio - Porto Alegre - RS",""
"232","232","24","09/09/2015 - 19:30","Atlético - MG","2 x 0","Avaí - SC","Independência - Belo Horizonte - MG",""
"233","233","24","09/09/2015 - 21:00","Figueirense - SC","1 x 1","Atlético - PR","Orlando Scarpelli - Florianopolis - SC",""
"234","234","24","10/09/2015 - 21:00","Joinville - SC","0 x 0","Chapecoense - SC","Arena Joinville - Joinville - SC",""
"235","235","24","09/09/2015 - 22:00","Corinthians - SP","1 x 1","Grêmio - RS","Arena Corinthians - Sao Paulo - SP",""
"236","236","24","09/09/2015 - 22:00","Santos - SP","3 x 0","São Paulo - SP","Vila Belmiro - Santos - SP",""
"237","237","24","09/09/2015 - 22:00","Coritiba - PR","1 x 1","Fluminense - RJ","Couto Pereira - Curitiba - PR",""
"238","238","24","09/09/2015 - 19:30","Ponte Preta - SP","0 x 1","Vasco da Gama - RJ","Moisés Lucarelli - Campinas - SP",""
"239","239","24","10/09/2015 - 19:30","Goiás - GO","1 x 0","Sport - PE","Serra Dourada - Goiania - GO",""
"240","240","24","10/09/2015 - 21:00","Flamengo - RJ","2 x 0","Cruzeiro - MG","Maracanã - Rio de Janeiro - RJ",""
"241","241","25","12/09/2015 - 18:30","Coritiba - PR","0 x 1","Internacional - RS","Couto Pereira - Curitiba - PR",""
"242","242","25","12/09/2015 - 21:00","Palmeiras - SP","2 x 0","Figueirense - SC","Allianz Parque - Sao Paulo - SP",""
"243","243","25","13/09/2015 - 11:00","Corinthians - SP","3 x 0","Joinville - SC","Arena Corinthians - Sao Paulo - SP",""
"244","244","25","13/09/2015 - 11:00","Ponte Preta - SP","3 x 1","Santos - SP","Moisés Lucarelli - Campinas - SP",""
"245","245","25","13/09/2015 - 16:00","Vasco da Gama - RJ","2 x 0","Atlético - PR","Maracanã - Rio de Janeiro - RJ",""
"246","246","25","13/09/2015 - 16:00","Grêmio - RS","1 x 2","São Paulo - SP","Arena do Grêmio - Porto Alegre - RS",""
"247","247","25","13/09/2015 - 16:00","Cruzeiro - MG","1 x 1","Atlético - MG","Mineirão - Belo Horizonte - MG",""
"248","248","25","13/09/2015 - 16:00","Chapecoense - SC","1 x 3","Flamengo - RJ","Arena Condá - Chapeco - SC",""
"249","249","25","13/09/2015 - 18:30","Avaí - SC","2 x 1","Goiás - GO","Ressacada - Florianopolis - SC",""
"250","250","25","13/09/2015 - 18:30","Sport - PE","1 x 0","Fluminense - RJ","Arena Pernambuco - Sao Lourenco da Mata - PE",""
"251","251","26","16/09/2015 - 19:30","Fluminense - RJ","1 x 4","Palmeiras - SP","Maracanã - Rio de Janeiro - RJ",""
"252","252","26","16/09/2015 - 19:30","Joinville - SC","1 x 1","Sport - PE","Arena Joinville - Joinville - SC",""
"253","253","26","16/09/2015 - 21:00","Figueirense - SC","0 x 1","Avaí - SC","Orlando Scarpelli - Florianopolis - SC",""
"254","254","26","16/09/2015 - 21:00","Atlético - PR","1 x 2","Grêmio - RS","Couto Pereira - Curitiba - PR",""
"255","255","26","16/09/2015 - 22:00","Santos - SP","4 x 0","Atlético - MG","Vila Belmiro - Santos - SP",""
"256","256","26","16/09/2015 - 22:00","Internacional - RS","2 x 1","Corinthians - SP","Beira-Rio - Porto Alegre - RS",""
"257","257","26","16/09/2015 - 22:00","Cruzeiro - MG","2 x 2","Vasco da Gama - RJ","Mineirão - Belo Horizonte - MG",""
"258","258","26","17/09/2015 - 19:30","São Paulo - SP","0 x 0","Chapecoense - SC","Morumbi - Sao Paulo - SP",""
"259","259","26","16/09/2015 - 19:30","Goiás - GO","1 x 2","Ponte Preta - SP","Serra Dourada - Goiania - GO",""
"260","260","26","17/09/2015 - 21:00","Flamengo - RJ","0 x 2","Coritiba - PR","Mané Garrincha - Brasilia - DF",""
"261","261","27","19/09/2015 - 18:30","Palmeiras - SP","3 x 2","Grêmio - RS","Pacaembu - Sao Paulo - SP",""
"262","262","27","19/09/2015 - 21:00","Ponte Preta - SP","3 x 1","Fluminense - RJ","Moisés Lucarelli - Campinas - SP",""
"263","263","27","19/09/2015 - 18:30","Internacional - RS","1 x 1","Figueirense - SC","Beira-Rio - Porto Alegre - RS",""
"264","264","27","20/09/2015 - 18:30","Coritiba - PR","2 x 0","Atlético - PR","Couto Pereira - Curitiba - PR",""
"265","265","27","20/09/2015 - 11:00","Corinthians - SP","2 x 0","Santos - SP","Arena Corinthians - Sao Paulo - SP",""
"266","266","27","20/09/2015 - 16:00","Vasco da Gama - RJ","2 x 1","Sport - PE","Maracanã - Rio de Janeiro - RJ",""
"267","267","27","20/09/2015 - 16:00","Atlético - MG","4 x 1","Flamengo - RJ","Independência - Belo Horizonte - MG",""
"268","268","27","20/09/2015 - 16:00","Avaí - SC","2 x 1","São Paulo - SP","Ressacada - Florianopolis - SC",""
"269","269","27","20/09/2015 - 11:00","Goiás - GO","3 x 0","Joinville - SC","Serra Dourada - Goiania - GO",""
"270","270","27","20/09/2015 - 18:30","Chapecoense - SC","0 x 2","Cruzeiro - MG","Arena Condá - Chapeco - SC",""
"271","271","28","26/09/2015 - 18:30","Fluminense - RJ","2 x 0","Goiás - GO","Maracanã - Rio de Janeiro - RJ",""
"272","272","28","26/09/2015 - 21:00","Grêmio - RS","3 x 1","Avaí - SC","Arena do Grêmio - Porto Alegre - RS",""
"273","273","28","27/09/2015 - 11:00","Santos - SP","3 x 1","Internacional - RS","Vila Belmiro - Santos - SP",""
"274","274","28","27/09/2015 - 11:00","Atlético - PR","1 x 2","Ponte Preta - SP","Arena da Baixada - Curitiba - PR",""
"275","275","28","27/09/2015 - 16:00","São Paulo - SP","1 x 1","Palmeiras - SP","Morumbi - Sao Paulo - SP",""
"276","276","28","27/09/2015 - 16:00","Flamengo - RJ","1 x 2","Vasco da Gama - RJ","Maracanã - Rio de Janeiro - RJ",""
"277","277","28","27/09/2015 - 16:00","Figueirense - SC","1 x 3","Corinthians - SP","Orlando Scarpelli - Florianopolis - SC",""
"278","278","28","27/09/2015 - 16:00","Joinville - SC","2 x 2","Atlético - MG","Arena Joinville - Joinville - SC",""
"279","279","28","27/09/2015 - 18:30","Sport - PE","3 x 0","Chapecoense - SC","Ilha do Retiro - Recife - PE",""
"280","280","28","27/09/2015 - 18:30","Cruzeiro - MG","2 x 0","Coritiba - PR","Mineirão - Belo Horizonte - MG",""
"281","281","29","03/10/2015 - 18:30","Coritiba - PR","0 x 3","Atlético - MG","Couto Pereira - Curitiba - PR",""
"282","282","29","03/10/2015 - 18:30","Internacional - RS","2 x 1","Sport - PE","Beira-Rio - Porto Alegre - RS",""
"283","283","29","03/10/2015 - 21:00","São Paulo - SP","1 x 0","Atlético - PR","Morumbi - Sao Paulo - SP",""
"284","284","29","04/10/2015 - 11:00","Avaí - SC","1 x 1","Vasco da Gama - RJ","Ressacada - Florianopolis - SC",""
"285","285","29","04/10/2015 - 11:00","Flamengo - RJ","2 x 0","Joinville - SC","Maracanã - Rio de Janeiro - RJ",""
"286","286","29","04/10/2015 - 16:00","Santos - SP","3 x 1","Fluminense - RJ","Vila Belmiro - Santos - SP",""
"287","287","29","04/10/2015 - 16:00","Ponte Preta - SP","2 x 2","Corinthians - SP","Moisés Lucarelli - Campinas - SP",""
"288","288","29","04/10/2015 - 16:00","Cruzeiro - MG","0 x 0","Grêmio - RS","Mineirão - Belo Horizonte - MG",""
"289","289","29","04/10/2015 - 16:00","Goiás - GO","2 x 3","Figueirense - SC","Serra Dourada - Goiania - GO",""
"290","290","29","04/10/2015 - 18:30","Chapecoense - SC","5 x 1","Palmeiras - SP","Arena Condá - Chapeco - SC",""
"291","291","30","14/10/2015 - 22:00","Atlético - PR","2 x 2","Cruzeiro - MG","Arena da Baixada - Curitiba - PR",""
"292","292","30","14/10/2015 - 19:30","Sport - PE","3 x 0","Avaí - SC","Ilha do Retiro - Recife - PE",""
"293","293","30","14/10/2015 - 21:00","Palmeiras - SP","0 x 1","Ponte Preta - SP","Allianz Parque - Sao Paulo - SP",""
"294","294","30","14/10/2015 - 21:00","Joinville - SC","3 x 1","Coritiba - PR","Arena Joinville - Joinville - SC",""
"295","295","30","14/10/2015 - 22:00","Fluminense - RJ","2 x 0","São Paulo - SP","Maracanã - Rio de Janeiro - RJ",""
"296","296","30","14/10/2015 - 19:30","Atlético - MG","2 x 1","Internacional - RS","Independência - Belo Horizonte - MG",""
"297","297","30","14/10/2015 - 21:00","Figueirense - SC","3 x 0","Flamengo - RJ","Orlando Scarpelli - Florianopolis - SC",""
"298","298","30","15/10/2015 - 19:30","Corinthians - SP","3 x 0","Goiás - GO","Arena Corinthians - Sao Paulo - SP",""
"299","299","30","15/10/2015 - 19:30","Vasco da Gama - RJ","1 x 1","Chapecoense - SC","Maracanã - Rio de Janeiro - RJ",""
"300","300","30","15/10/2015 - 21:00","Grêmio - RS","1 x 0","Santos - SP","Arena do Grêmio - Porto Alegre - RS",""
"301","301","31","18/10/2015 - 16:00","Flamengo - RJ","0 x 1","Internacional - RS","Maracanã - Rio de Janeiro - RJ",""
"302","302","31","18/10/2015 - 11:00","Ponte Preta - SP","3 x 0","Coritiba - PR","Moisés Lucarelli - Campinas - SP",""
"303","303","31","17/10/2015 - 21:00","Joinville - SC","1 x 0","Figueirense - SC","Arena Joinville - Joinville - SC",""
"304","304","31","18/10/2015 - 17:00","Santos - SP","3 x 1","Goiás - GO","Vila Belmiro - Santos - SP",""
"305","305","31","18/10/2015 - 17:00","Grêmio - RS","2 x 3","Chapecoense - SC","Arena do Grêmio - Porto Alegre - RS",""
"306","306","31","18/10/2015 - 11:00","Cruzeiro - MG","2 x 0","Fluminense - RJ","Mineirão - Belo Horizonte - MG",""
"307","307","31","18/10/2015 - 16:00","Atlético - PR","1 x 4","Corinthians - SP","Arena da Baixada - Curitiba - PR",""
"308","308","31","18/10/2015 - 18:30","Sport - PE","4 x 1","Atlético - MG","Ilha do Retiro - Recife - PE",""
"309","309","31","18/10/2015 - 16:00","São Paulo - SP","2 x 2","Vasco da Gama - RJ","Morumbi - Sao Paulo - SP",""
"310","310","31","17/10/2015 - 18:30","Avaí - SC","1 x 3","Palmeiras - SP","Ressacada - Florianopolis - SC",""
"311","311","32","24/10/2015 - 17:00","Fluminense - RJ","0 x 1","Atlético - PR","Maracanã - Rio de Janeiro - RJ",""
"312","312","32","24/10/2015 - 18:30","Figueirense - SC","0 x 0","Santos - SP","Orlando Scarpelli - Florianopolis - SC",""
"313","313","32","24/10/2015 - 18:30","Internacional - RS","1 x 0","Joinville - SC","Beira-Rio - Porto Alegre - RS",""
"314","314","32","24/10/2015 - 21:00","Palmeiras - SP","0 x 2","Sport - PE","Pacaembu - Sao Paulo - SP",""
"315","315","32","25/10/2015 - 17:00","Corinthians - SP","1 x 0","Flamengo - RJ","Arena Corinthians - Sao Paulo - SP",""
"316","316","32","25/10/2015 - 17:00","Vasco da Gama - RJ","0 x 0","Grêmio - RS","Maracanã - Rio de Janeiro - RJ",""
"317","317","32","25/10/2015 - 17:00","Coritiba - PR","1 x 2","São Paulo - SP","Couto Pereira - Curitiba - PR",""
"318","318","32","25/10/2015 - 17:00","Chapecoense - SC","0 x 0","Avaí - SC","Arena Condá - Chapeco - SC",""
"319","319","32","25/10/2015 - 18:00","Goiás - GO","0 x 1","Cruzeiro - MG","Serra Dourada - Goiania - GO",""
"320","320","32","25/10/2015 - 19:30","Atlético - MG","2 x 1","Ponte Preta - SP","Independência - Belo Horizonte - MG",""
"321","321","33","31/10/2015 - 17:00","São Paulo - SP","3 x 0","Sport - PE","Morumbi - Sao Paulo - SP",""
"322","322","33","31/10/2015 - 19:30","Avaí - SC","1 x 1","Cruzeiro - MG","Ressacada - Florianopolis - SC",""
"323","323","33","31/10/2015 - 19:30","Ponte Preta - SP","1 x 0","Joinville - SC","Moisés Lucarelli - Campinas - SP",""
"324","324","33","31/10/2015 - 21:00","Coritiba - PR","1 x 1","Figueirense - SC","Couto Pereira - Curitiba - PR",""
"325","325","33","01/11/2015 - 17:00","Grêmio - RS","2 x 0","Flamengo - RJ","Arena do Grêmio - Porto Alegre - RS",""
"326","326","33","01/11/2015 - 17:00","Atlético - MG","0 x 3","Corinthians - SP","Independência - Belo Horizonte - MG",""
"327","327","33","01/11/2015 - 17:00","Santos - SP","2 x 1","Palmeiras - SP","Vila Belmiro - Santos - SP",""
"328","328","33","01/11/2015 - 17:00","Chapecoense - SC","0 x 0","Atlético - PR","Arena Condá - Chapeco - SC",""
"329","329","33","01/11/2015 - 18:00","Vasco da Gama - RJ","0 x 1","Fluminense - RJ","Nilton Santos - Rio de Janeiro - RJ",""
"330","330","33","01/11/2015 - 19:30","Goiás - GO","2 x 1","Internacional - RS","Serra Dourada - Goiania - GO",""
"331","331","34","07/11/2015 - 17:00","Internacional - RS","1 x 0","Ponte Preta - SP","Beira-Rio - Porto Alegre - RS",""
"332","332","34","07/11/2015 - 19:30","Corinthians - SP","2 x 1","Coritiba - PR","Arena Corinthians - Sao Paulo - SP",""
"333","333","34","07/11/2015 - 19:30","Atlético - PR","2 x 1","Avaí - SC","Arena da Baixada - Curitiba - PR",""
"334","334","34","07/11/2015 - 21:00","Fluminense - RJ","2 x 3","Chapecoense - SC","Maracanã - Rio de Janeiro - RJ",""
"335","335","34","08/11/2015 - 17:00","Palmeiras - SP","0 x 2","Vasco da Gama - RJ","Allianz Parque - Sao Paulo - SP",""
"336","336","34","08/11/2015 - 17:00","Cruzeiro - MG","2 x 1","São Paulo - SP","Mineirão - Belo Horizonte - MG",""
"337","337","34","08/11/2015 - 17:00","Figueirense - SC","0 x 1","Atlético - MG","Orlando Scarpelli - Florianopolis - SC",""
"338","338","34","08/11/2015 - 17:00","Flamengo - RJ","4 x 1","Goiás - GO","Maracanã - Rio de Janeiro - RJ",""
"339","339","34","08/11/2015 - 19:30","Sport - PE","1 x 0","Grêmio - RS","Ilha do Retiro - Recife - PE",""
"340","340","34","08/11/2015 - 18:00","Joinville - SC","0 x 0","Santos - SP","Arena Joinville - Joinville - SC",""
"341","341","35","15/11/2015 - 17:00","Cruzeiro - MG","3 x 0","Sport - PE","Mineirão - Belo Horizonte - MG",""
"342","342","35","18/11/2015 - 21:00","Atlético - PR","3 x 3","Palmeiras - SP","Arena da Baixada - Curitiba - PR",""
"343","343","35","18/11/2015 - 19:30","Goiás - GO","1 x 3","Coritiba - PR","Serra Dourada - Goiania - GO",""
"344","344","35","18/11/2015 - 21:00","Ponte Preta - SP","0 x 1","Figueirense - SC","Moisés Lucarelli - Campinas - SP",""
"345","345","35","18/11/2015 - 21:00","Avaí - SC","2 x 1","Joinville - SC","Ressacada - Florianopolis - SC",""
"346","346","35","19/11/2015 - 22:00","São Paulo - SP","4 x 2","Atlético - MG","Morumbi - Sao Paulo - SP",""
"347","347","35","19/11/2015 - 22:00","Santos - SP","0 x 0","Flamengo - RJ","Vila Belmiro - Santos - SP",""
"348","348","35","19/11/2015 - 22:00","Vasco da Gama - RJ","1 x 1","Corinthians - SP","São Januário - Rio de Janeiro - RJ",""
"349","349","35","19/11/2015 - 19:30","Chapecoense - SC","1 x 0","Internacional - RS","Arena Condá - Chapeco - SC",""
"350","350","35","19/11/2015 - 19:30","Grêmio - RS","1 x 0","Fluminense - RJ","Arena do Grêmio - Porto Alegre - RS",""
"351","351","36","21/11/2015 - 19:30","Palmeiras - SP","1 x 1","Cruzeiro - MG","Allianz Parque - Sao Paulo - SP",""
"352","352","36","22/11/2015 - 17:00","Joinville - SC","1 x 2","Vasco da Gama - RJ","Arena Joinville - Joinville - SC",""
"353","353","36","22/11/2015 - 17:00","Corinthians - SP","6 x 1","São Paulo - SP","Arena Corinthians - Sao Paulo - SP",""
"354","354","36","22/11/2015 - 17:00","Internacional - RS","1 x 0","Grêmio - RS","Beira-Rio - Porto Alegre - RS",""
"355","355","36","22/11/2015 - 17:00","Atlético - MG","2 x 2","Goiás - GO","Independência - Belo Horizonte - MG",""
"356","356","36","22/11/2015 - 17:00","Figueirense - SC","0 x 0","Chapecoense - SC","Orlando Scarpelli - Florianopolis - SC",""
"357","357","36","22/11/2015 - 18:00","Flamengo - RJ","1 x 1","Ponte Preta - SP","Mané Garrincha - Brasilia - DF",""
"358","358","36","22/11/2015 - 19:30","Sport - PE","0 x 0","Atlético - PR","Ilha do Retiro - Recife - PE",""
"359","359","36","22/11/2015 - 19:30","Fluminense - RJ","3 x 1","Avaí - SC","Kleber Andrade - Cariacica - ES",""
"360","360","36","22/11/2015 - 19:30","Coritiba - PR","1 x 0","Santos - SP","Couto Pereira - Curitiba - PR",""
"361","361","37","28/11/2015 - 17:00","São Paulo - SP","3 x 2","Figueirense - SC","Morumbi - Sao Paulo - SP",""
"362","362","37","28/11/2015 - 19:30","Fluminense - RJ","1 x 1","Internacional - RS","Maracanã - Rio de Janeiro - RJ",""
"363","363","37","28/11/2015 - 21:00","Avaí - SC","1 x 0","Ponte Preta - SP","Ressacada - Florianopolis - SC",""
"364","364","37","29/11/2015 - 17:00","Sport - PE","2 x 0","Corinthians - SP","Arena Pernambuco - Sao Lourenco da Mata - PE",""
"365","365","37","29/11/2015 - 17:00","Grêmio - RS","2 x 1","Atlético - MG","Arena do Grêmio - Porto Alegre - RS",""
"366","366","37","29/11/2015 - 17:00","Cruzeiro - MG","3 x 0","Joinville - SC","Mineirão - Belo Horizonte - MG",""
"367","367","37","29/11/2015 - 17:00","Vasco da Gama - RJ","1 x 0","Santos - SP","São Januário - Rio de Janeiro - RJ",""
"368","368","37","29/11/2015 - 18:00","Palmeiras - SP","0 x 2","Coritiba - PR","Allianz Parque - Sao Paulo - SP",""
"369","369","37","29/11/2015 - 18:00","Chapecoense - SC","1 x 3","Goiás - GO","Arena Condá - Chapeco - SC",""
"370","370","37","29/11/2015 - 19:30","Atlético - PR","3 x 0","Flamengo - RJ","Arena da Baixada - Curitiba - PR",""
"371","371","38","06/12/2015 - 17:00","Corinthians - SP","1 x 1","Avaí - SC","Arena Corinthians - Sao Paulo - SP",""
"372","372","38","06/12/2015 - 17:00","Santos - SP","5 x 1","Atlético - PR","Vila Belmiro - Santos - SP",""
"373","373","38","06/12/2015 - 17:00","Ponte Preta - SP","0 x 1","Sport - PE","Moisés Lucarelli - Campinas - SP",""
"374","374","38","06/12/2015 - 17:00","Flamengo - RJ","1 x 2","Palmeiras - SP","Maracanã - Rio de Janeiro - RJ",""
"375","375","38","06/12/2015 - 17:00","Internacional - RS","2 x 0","Cruzeiro - MG","Beira-Rio - Porto Alegre - RS",""
"376","376","38","06/12/2015 - 17:00","Atlético - MG","3 x 0","Chapecoense - SC","Mineirão - Belo Horizonte - MG",""
"377","377","38","06/12/2015 - 17:00","Figueirense - SC","1 x 0","Fluminense - RJ","Orlando Scarpelli - Florianopolis - SC",""
"378","378","38","06/12/2015 - 17:00","Coritiba - PR","0 x 0","Vasco da Gama - RJ","Couto Pereira - Curitiba - PR",""
"379","379","38","06/12/2015 - 17:00","Goiás - GO","0 x 1","São Paulo - SP","Serra Dourada - Goiania - GO",""
"380","380","38","06/12/2015 - 17:00","Joinville - SC","0 x 2","Grêmio - RS","Arena Joinville - Joinville - SC",""
