ID,Apelido,ClubeID,PosicaoID
80583,Lucas Lima,277,4
72079,Bruno Cortez,288,2
86189,Mosquito,293,5
68938,Giovanni Augusto,316,4
68974,Marcão,316,5
71799,Silvinho,288,5
63005,Welinton,294,3
37705,Juan,287,2
87399,Mário Sérgio,293,2
77579,Dellatorre,293,5
51683,Bruno Rangel,315,5
84382,Danilo,292,2
78850,Reinaldo,276,2
69008,Neto,277,3
37790,Ceará,283,2
78248,Gustavo Henrique,277,3
73855,Jubal,277,3
73527,Willian Rocha,293,2
87420,Cristaldo,275,5
77994,Mendieta,275,4
63208,Zezinho,315,4
73027,Potita,265,5
77673,Patrick Vieira,275,4
61115,Jobson,263,5
73957,Ewerton Páscoa ,292,4
51193,Fabinho Alves,315,5
72491,Bressan,284,3
69782,Dener Assunção,294,2
37654,Rosinei,294,4
80163,Railan,265,2
36728,Índio,285,3
80171,Dedé,315,4
72389,Mike,292,5
73511,Dudu Figueiredo,294,4
69138,Pablo,316,5
68697,Bernardo,275,4
39230,Neto Coruja,287,4
38021,Wendel,292,4
69088,Victorino,275,3
84791,Kenedy,266,5
72023,Sueliton,293,2
80281,Cleberson,293,3
50532,Maxi Biancucchi,265,5
70046,Victor Ferraz,277,2
37826,Paulo Baier,288,4
68834,Rithely,292,4
41327,Vanderlei Luxemburgo,262,6
60825,Felipe Azevedo,292,5
82768,Danilo,315,1
62137,Enderson Moreira,277,6
38398,Renato Augusto,264,4
37655,Rafael Moura,285,5
37818,Hugo,287,4
62139,Ricardo Drubscky,290,6
79594,Ednei,315,2
42222,Osvaldo,276,5
41364,Lincoln,265,4
52190,Ralf,264,4
42499,Bruno,266,2
84318,Samir ,262,3
68920,Dudu,284,5
37627,Diguinho,266,4
61135,Ananias,292,5
84861,Alex Silva,282,2
51705,Bruno Rodrigo,283,3
73085,Leandro,275,5
63283,Esquerdinha,290,2
68911,Diego Souza,292,4
37657,Edu Dracena,277,3
67953,Riveros,284,4
81905,Henrique,275,5
88899,Charles Fabian,265,6
74074,Claudio Winck,285,2
79826,Douglas Santos,282,2
69308,Álvaro Pereira,276,2
42118,Neto Baiano,292,5
37941,Borges,283,5
77967,Mena,277,2
62128,Walter,266,5
82787,Joel,294,5
88866,Eduardo Junior,275,4
88916,Luan Polli ,316,1
89676,Nickson,287,4
88002,Serginho,277,4
82896,Alisson Becker,285,1
89306,Paulinho,282,4
86222,Rodolfo,275,5
77670,Gladestony,285,4
63003,Uelliton,265,4
82703,Matheus Biteco,284,4
87585,Mailson,315,5
50366,Jean Carlos,316,5
68773,Henrique,265,5
60948,Diones,315,4
69048,Mazola,316,5
51415,Roger Carvalho,287,3
38507,Rafael Miranda,265,4
69040,Vladimir,277,1
81914,Léo Lisboa,316,4
79713,Carlos Alberto,293,4
84927,Dodô,282,4
77809,William Pottker,316,5
68945,Saimon,284,3
50425,Roger Gaúcho,288,4
68979,Giovanni,282,1
70132,Alan Santos,277,4
78546,Bruninho,275,4
78012,Yuri Mamute,263,5
37652,Carlos Alberto,263,4
37767,Galatto,288,1
50361,Rafael Lima,315,3
69268,Víctor Cáceres,262,4
38763,Marcinho,287,4
81150,Mayke,283,2
78965,Roni,294,4
63008,Rafael Toloi,276,3
62119,Tiago Luis,315,5
38919,Kaká,276,4
83266,Marcos Guilherme ,293,4
60795,Renan,263,1
69090,Matías Rodríguez,284,2
87211,Eduardo Baptista,292,6
89606,Felipe Saturnino,290,2
37607,Michel Bastos,276,2
70360,Eduardo Sasha,285,5
71123,Thiago Mendes,290,4
73910,Tobio,275,3
69232,Bolatti,263,4
79733,Leilson ,287,4
70317,Eron,282,2
78990,Lucas Alves,293,3
82457,Jean Felipe,293,2
68932,Renan Ribeiro,276,1
86927,Nadson,265,5
70045,Vinicius Simon,277,3
81007,Dedé,263,4
71724,Agenor,285,1
40130,Silvio,315,1
88069,Leonardo Cabeça,315,5
71572,Gabriel,284,3
87225,Pedro Henrique,264,3
84997,Paulo,290,4
68884,Klever,266,1
85424,Ailton,266,2
83258,Filipe Ramon,294,2
79401,Paulo Otávio,294,2
73445,Denner,294,4
84104,Luizinho,294,4
88366,Martín Luque,285,4
80553,Guilherme Lazaroni,316,2
37694,Henrique,283,4
56102,João Paulo,293,4
79947,Marion,282,5
37840,Gustavo,293,3
68711,Chiquinho,266,4
82632,Lucas Coelho,284,5
78407,Douglas Grolli,315,3
86334,Roni,315,5
63219,Luan,282,5
50666,Diogo,275,5
51318,Leandro Donizete,282,4
50909,Bruno Mineiro,290,5
77895,Emerson Conceição,282,2
85882,Diogo,285,2
88780,Leandro,285,5
68690,André,282,5
86759,Luan,284,5
72097,Giovanni,288,2
50645,Eduardo,288,2
86436,Alan Ruiz,284,4
42145,Egídio,283,2
37656,Fábio,283,1
38311,Márcio Araújo,262,4
41218,Magrão,292,1
50421,Wesley,275,4
73896,Geuvânio,277,5
68904,Vítor,292,2
50454,Serginho,288,4
68887,Gum,266,3
68953,Leandro Damião,277,5
38038,Luiz,288,1
38315,Jadson,264,4
60969,Patric,292,2
42116,Willian,283,5
68929,Thiago Ribeiro,277,5
37958,Felipe,262,1
63172,Paulão,285,3
40025,Levir Culpi,282,6
81121,Mugni,262,4
72745,Escudero,287,4
68723,Demerson,265,3
78235,Leandrinho,277,4
74014,Alemão,287,3
38069,Richarlyson,287,2
80313,Gilberto ,285,2
38032,Cleber Santana,288,4
68698,Bruno Silva,315,4
86932,Gustavo,288,5
62009,Camilo,315,4
68696,Bergson,315,5
38588,Elton,262,5
78895,Marcelo,262,3
85399,Felipe Macedo,290,3
70221,Bruno Uvini,277,3
83255,Giva,277,5
80568,Willie,287,5
86410,Victor Luis,275,2
78117,Everaldo,316,5
83811,William Cordeiro,316,2
62003,Bruno,275,1
81091,Jair,285,4
74078,Hernani,293,4
71122,Matheus,263,3
71041,Assuério,290,5
79038,Murilo,263,5
83134,Igor Sartori,262,5
42330,Felipe Garcia,266,1
80538,Marlon,266,4
81950,Jefferson,316,4
80319,Raul,316,3
87191,Jorge Eduardo,277,5
87747,Yago,316,4
85066,Guillermo ,287,1
86860,Guilherme,287,2
85607,Léo Ceará,287,5
80777,Wellington,287,5
86517,Flavio,292,1
87743,Léo,292,4
87611,Tiago,284,1
80431,Maicon Silva,288,2
82472,Fabiano,263,4
38074,Ygor,285,4
68830,Ricardinho,288,4
82635,Igor,292,2
73531,Washington,275,4
50292,Paulinho Dias,293,4
68753,Fabrício ,266,3
69292,Eguren,275,4
73863,Claudinei,282,4
89637,Thiago Maia,277,4
78530,Matheus Bertotto,285,4
78994,Eduardo,282,4
82502,Rafinha,265,5
86419,Jonathan,316,5
83130,Erik ,275,5
89479,Gustavo Tocantins,264,5
88915,Douglas ,294,5
73771,Mineiro,287,4
38482,Marcos Aurélio,265,5
86748,Breno,284,2
71113,Felipe ,316,4
38196,Maicon,276,4
60784,Rafael Carioca,282,4
80537,Michael,288,5
38960,Zé Eduardo,294,5
62129,Wellington,285,4
80374,Norberto ,294,4
50459,Léo,283,3
80573,Luiz Gustavo,287,3
49651,Ernando,285,3
62127,Wallyson,263,5
71602,João Paulo,262,2
89342,Caju,277,2
71892,Wellington Silva,285,2
36443,Dida,285,1
61149,Lucca,288,5
53472,Fahel,265,4
38100,Durval,292,3
68930,Kieza,265,5
85423,Valdivia,285,4
73918,Canteros,262,4
37592,Toninho Cecílio,288,6
38108,Jorge Henrique,285,5
50453,Anderson Pico,262,2
68873,Paulo Victor,262,1
79701,Lucas Silva,283,4
37762,Souza,288,5
78445,Renê,292,2
63014,Gil,294,4
37983,Ricardo Conceição,315,4
70106,Mouche,275,5
72943,Luís Cáceres,287,4
69209,Diego Macedo,265,2
38064,Denilson,276,4
38279,Wellington Paulista,285,5
82647,Régis,292,4
37783,Ramon,290,4
78715,Ramiro,284,4
37674,Wagner,266,4
85629,Daniel,263,4
69240,Dátolo,282,4
63194,Carlinhos,294,2
69014,Manoel,283,3
75295,Paolo Guerrero,264,5
50418,Dinei,287,5
54424,Willians,285,4
62121,Vanderlei,294,1
38921,Júlio Baptista,283,4
38425,Fábio Ferreira,288,3
42500,Fagner,264,2
36540,Juan,285,3
60788,Marquinhos,283,5
50446,Chico,294,3
60752,Cristóvão Borges,266,6
38231,Diego Tardelli,282,5
50301,Everton,262,4
82525,Rodrigo Biro,315,2
43618,Luiz Felipe Scolari,284,6
71117,Vander,287,4
50346,Guilherme Santos,265,2
50880,Keirrison,294,5
70929,Negueba,262,5
68950,Ronaldo Alves,288,3
84263,Jemerson,282,3
69012,Santos,293,1
79553,Mansur,287,2
38394,Thiago Heleno,316,3
73644,Ivan,294,2
80949,Biro Biro,266,5
81845,Alisson,283,4
70581,Fillipe Soutto,282,4
84313,Feijão,265,4
51413,Walter,264,1
50321,Vitor Júnior,316,4
38370,André Bahia,263,3
70759,Martinuccio,294,5
38357,Martinez,288,4
84761,Claudinei Oliveira,293,6
38369,Ibson,292,4
74087,Léo Bonatini,290,5
80188,Marcos Junior,287,5
68817,Paulo Miranda,276,3
51194,Rafael Pereira,288,3
51299,Emerson,282,3
84851,Lucas Cândido,282,4
51985,Anderson Pedra,292,4
51781,Ávine,265,2
79030,Fabinho Gaúcho,315,2
69155,Iberbia,294,2
86588,Ícaro,294,4
81223,Erazo,262,3
62012,Ciro,316,5
74076,Misael,294,4
73055,Bruno Fornaroli,316,5
88867,Guido,265,1
49673,Júlio César,266,1
42247,Danny Morais,315,3
86837,Diego Cardoso,277,5
86444,Pablo Dyego,266,2
79535,Vaná,294,1
80441,Bonfim ,294,3
73338,Djair,294,4
83439,Maykon,294,5
78414,Rafael Donato,288,3
68805,Neneca,316,1
68928,Rafael,283,1
73620,Bruno Alves,316,3
83920,Wellington Neto,316,3
77599,Romário,287,2
39572,Renato,266,2
68738,Eli Sabiá,288,3
72290,Jailson,275,1
79339,Dankler,263,3
81952,Willian,292,4
38638,Germano,294,4
84887,Dener,316,4
51175,Denis,276,1
63110,Alan Ruschel,285,2
62023,D'Alessandro,285,4
37919,Luis Fabiano,276,5
37899,Renan,290,1
61106,Cicinho,277,2
38162,Fred,266,5
78891,Petros,264,4
37770,Marcelo Grohe,284,1
38055,Rogério Ceni,276,1
52950,Victor,282,1
50347,Alan Kardec,276,5
51772,Éverton Ribeiro,283,4
68923,Gil,264,3
62977,Paulo Henrique Ganso,276,4
36522,Alex,294,4
50348,Conca,266,4
78379,Barcos,284,5
42234,Cássio,264,1
60819,Dedé,283,3
50358,Marcelo Moreno,283,5
36934,Muricy Ramalho,276,6
86842,Ewandro,276,5
89156,Nathan,275,3
85930,Aylon,285,5
86943,Liniker,290,4
84320,Recife,262,4
89445,Yuri,315,5
88132,Nailson,277,3
83688,Luan,316,4
82463,Otávio ,293,4
87101,Stéfano Yuri,277,5
73517,Douglas Pires,265,1
86836,Sidney,263,4
85931,Hyoran,315,4
87999,Gustavo Scarpa,266,4
72071,Amaral,262,4
79023,Mattheus,262,4
78646,Fernando Fernandes,262,3
87401,Eurico,283,4
50908,Wellington Bruno,288,4
68914,Deola,275,1
80324,Jaílton,315,3
77529,Leandro Silva,316,2
73540,Rogério,263,5
79042,Tiago ,282,3
72495,Moisés,290,2
68946,Neuton,315,3
88323,Ángel Romero,264,5
38515,Marquinhos,316,3
73383,Rafael Costa,288,4
89273,João Pedro ,275,2
38440,Pierre,282,4
80189,Lucas Fonseca,265,3
55348,Luis Ricardo,276,2
60852,Uendel,264,2
80913,Nixon,262,5
50294,Guilherme,282,5
79287,Enrique Meza,315,3
42490,Jajá,294,4
74060,Luiz Antonio ,262,4
77556,Bruno,288,1
40990,Dorival Júnior,275,6
86859,José Welison,287,4
87213,Pará,265,2
73417,Lima,290,2
42232,Amaral,290,4
50427,Kadu,287,3
78936,Rodrigo Souza,288,4
63119,Juninho,275,2
73359,Roniery,265,2
68758,Fernandinho,284,5
74085,Ademilson,276,5
79887,Fabiano,315,2
37246,Ney Franco,287,6
72334,Ayrton,287,2
74065,Zeballos,263,5
73315,Jorginho,315,6
38525,Cléo,293,5
70116,Fellipe Bastos,284,4
37851,Maicosuel,282,4
51293,Wanderson,315,4
70928,William Henrique,287,5
80337,Arthur ,262,5
87742,Neto,292,4
84890,Euller ,287,2
71593,Henrique Mattos,292,3
70924,Matheus Carvalho,266,5
71560,Luis Ramírez,263,4
72168,João Paulo,290,4
80400,Rafinha,266,4
72099,Wiliam Barbio,265,5
78694,Guillermo Beltrán,287,5
88933,Bruno Paulista,265,4
69006,Dão,287,3
37645,Marcelo Mattos,263,4
80403,Maurides,285,5
88917,Murilo Henrique,290,4
86935,Rodrigo,290,4
80399,Higor,288,4
88540,Auro,276,2
50461,Edson,290,1
88065,Jorge,262,2
86928,David,288,1
86929,Ronaldo,288,1
86931,Ruan,288,4
77912,Neto,316,1
79048,Elisson,283,1
82769,Alan,283,1
87400,Alex,283,3
83108,Heitor,288,3
88147,Paulo Henrique,290,1
88156,Jean,316,1
88225,Daniel Guedes ,277,2
88368,Gabriel Dias,275,3
88478,Darlan,287,4
71571,Fernando,287,1
88782,Andrew,288,5
87393,Gabriel,282,3
88874,Léo Cunha,275,2
73025,Geovane,277,5
89154,Gabriel Fernando,275,5
44857,Naldinho,292,4
84188,Welton,292,4
79334,Ricardo Silva,293,3
79265,Renan,265,1
87230,Robson,265,3
88000,Gabriel Ramos,265,4
78839,Gabriel Gasparotto,277,1
85425,João Paulo,277,1
86314,Alex Santos,263,2
86315,Anderson Santos,263,2
73869,Lennon,263,2
78436,Renan Lemos,263,2
79022,Yguinho,263,5
85083,Vinícius Silvestre,275,1
83615,Thiago Martins,275,3
87199,Gustavo ,315,1
52897,Nivaldo,315,1
87200,Bruno ,315,3
87201,Igor ,315,3
87202,Lucas ,315,4
50284,Wilson,287,1
38451,Carlinhos,266,2
54395,Elias,264,4
37688,Cícero,266,4
38573,Nilton,283,4
38109,Jefferson,263,1
78605,Gabriel,263,4
62086,Pará,284,2
72018,Tiago Volpi,316,1
49674,Fabrício,285,2
38246,Robinho,277,5
52253,Réver,282,3
73800,Rodrigo Caio,276,3
68833,Ricardo Goulart,283,4
70934,Jackson,290,3
38138,Jô,282,5
38435,Valdivia,275,4
37613,Dagoberto,283,5
68925,Leonardo Silva,282,3
38219,Alex,285,4
81770,Clayton,316,5
85400,Marcelo,287,4
38061,Edcarlos,282,3
86409,Lucas Olaza,293,2
84679,Emanuel Biancucchi,265,4
82737,Welinton Junior,290,5
70111,Guilherme Mattis,266,3
51681,Hélder,294,4
37816,Marco Antônio,316,4
50328,Marcelo Oliveira,275,4
69177,Léo,262,2
40904,Julio Cesar,294,5
74140,Elber,294,4
38908,Renato,277,4
70992,Juliano,290,4
80381,Cesinha,282,5
82128,Ferrugem,264,4
86820,Reginaldo ,294,2
86841,Boschilia,276,4
73375,Felipe,264,3
73635,Rildo,277,5
37684,Chicão,262,3
60803,Souza,276,4
78578,Paulinho,262,5
36790,Josué,282,4
51779,Pedro Botelho,282,2
60858,Moacir,294,2
73317,Argel Fucks,316,6
38365,Henrique,266,3
81031,Marquinhos Santos,294,6
68909,Souza,277,4
69018,Deivid,293,4
50462,Leandro Almeida,294,3
50317,David Braz,277,3
69329,Cereceda,316,2
68685,Alan Patrick,285,4
39850,Vagner Mancini,263,6
71631,Weverton,293,1
82469,Douglas Coutinho ,293,5
38695,David,290,4
89275,William,285,4
86411,Breno,283,2
89494,Leandro Vicentin,292,3
89677,Fernandinho,275,4
78558,Romulo Cabral,293,5
87009,Nathan,293,4
38630,Rivaldo,316,4
83528,Léo Pereira,293,3
88479,Walace,284,4
73708,Samudio,283,2
88850,Marco Damasceno ,293,5
80779,Joílson,288,3
77567,Zé Mário,292,4
87227,Zé Paulo,293,4
82455,Zé Rafael ,294,4
80774,Alan Pinheiro,287,5
70055,Geraldo,294,5
80370,Edson,266,4
86757,Everton,284,5
89341,Nicolas Careca,284,5
72488,Follmann ,284,1
86744,Canavesio,284,3
70010,Spessato,284,2
86754,Guilherme Amorim,284,4
69051,Danilo Fernandes,264,1
85004,Marcos Felipe ,266,1
78464,Fábio Braga,266,4
85121,Robert ,266,4
86449,Samuel,294,1
73336,Rafael Martins,294,1
82453,Tadeu,294,1
72603,William Menezes,294,1
86587,Igor Leandro,294,3
73857,Jackson,294,2
78423,Timbó,294,2
86969,Rhuan,294,2
82630,Calyson,294,4
88054,Diogo Sodré,294,4
80572,Alex Santos,294,5
82419,Luan Sérgio,316,1
38229,Fábio Santos,264,2
83257,Gabriel,277,5
49675,Alexandre Pato,276,5
62974,Werley,284,3
42501,Rhodolfo,284,3
37984,Aranha,277,1
40006,Abel Braga,285,6
38140,Fernando Prass,275,1
37281,Mano Menezes,264,6
69022,Marcelo,293,5
37718,Arouca,277,4
37798,Rafael Sobis,266,5
38194,Antônio Carlos,276,3
36612,Zé Roberto,284,4
63013,Marcos Rocha,282,2
62136,Marcelo Oliveira,283,6
68958,Wallace,262,3
38431,Diego Cavalieri,266,1
69325,Aránguiz,285,4
41519,Lúcio,275,3
84585,Allione,275,4
70951,Fabio,275,1
70058,Tiago Real,290,4
73515,Gabriel,262,4
62104,Robinho,294,4
68908,Gualberto,288,3
38602,Edno,287,5
71146,Léo Veloso,290,2
71055,Pato Rodríguez,277,4
84674,Lucas Evangelista,276,4
83772,Neilton,283,5
73454,Cidinho,263,4
73851,Ronny,263,4
41126,Rodrigo Gral,315,5
70916,Diogo Goiano,294,2
37659,Lauro,315,1
84918,Rafael Ratão,277,5
72039,Ferron,292,3
78968,Leandro,315,5
50295,Felipe Menezes,275,4
52558,Bruno César,275,4
84848,Erik,290,5
52618,Anderson Martins,264,3
71038,Pedro Henrique,290,3
37701,Léo Moura,262,2
80944,Marlone,283,4
72893,Eduardo Da Silva,262,5
86264,Natanael,293,2
78648,Dráusio,293,3
69304,Lodeiro,264,4
74059,Elivelton,266,3
37653,Nilmar,285,5
50353,Titi,265,3
38432,Wendel,275,2
62047,Jean,266,4
73617,Emerson,277,2
80853,Pedro Geromel,284,3
37673,Alecsandro,262,5
51548,Giuliano,284,4
73465,Luccas Claro,294,3
85027,Carlos,282,5
80287,Luciano,264,5
68995,Régis Souza,263,2
71778,Bady,293,4
50961,Léo Gago,265,4
68808,Nino Paraíba,287,2
87741,Joelinton,292,5
38067,Danilo,264,4
71042,Augusto,292,4
72375,Weldinho,275,2
74061,Roberto Fernández,287,1
71575,Danilo Tarracha,287,2
80552,Marquinhos Pedroso,316,2
38613,Zé Carlos,288,5
78422,Oswaldo,292,3
80036,Alex Alves,290,3
71093,Baraka,294,4
63018,Guilherme Andrade,264,2
39137,Adaílton,265,3
61033,Rodriguinho,284,4
85149,Ronaldo,292,4
89468,Erik,284,5
37794,Tinga,283,4
62971,Nirley,316,3
78604,Andrey,263,1
83614,Bruno Lopes,288,5
37678,Rodrigo Souto,263,4
82625,Maurinho,288,5
85067,Matheus Salustiano,287,3
54189,Tiago Saletti,315,3
83511,Érico Júnior,292,5
88056,Malcom,264,5
89253,Andreazzi,263,4
88075,Jeam,265,5
88987,Bruno Correa,263,5
86764,Sidcley,293,2
63058,Willian Farias,283,4
37792,Edinho,284,4
88480,Ronan,284,5
82613,Alan,285,3
78086,César,262,1
74103,Frauches ,262,3
88146,Maranhão,294,4
82626,Thales ,285,3
86491,Jonatha Fumaça,294,5
79066,Alex ,316,1
88651,Vinícius,263,5
68824,Raphael Augusto,266,4
88848,Júnior Oliveira,316,1
88849,João Gabriel ,263,4
85210,Jonatan Ponciano,316,5
73760,Wallinson,290,3
82884,Matheus Gonzaga,316,4
87273,Carlinhos,285,4
88166,Felipe Caldeira,316,4
85798,João Paulo Kuspiosz,262,1
83963,Leandro Canhoto,284,4
80286,Matheus Vidotto,264,1
71947,Guilherme,263,2
89224,Barreto,288,4
89157,Guilherme,275,2
87008,Léo,284,1
89190,Judivan ,283,5
89257,Breno,266,2
89226,Iago,288,3
89227,Balbino,284,4
89285,Matheus Sales,275,4
89256,Gerson,266,4
86512,Bruno Gomes,285,5
89371,Rômulo,265,4
89444,Hugo Ragelli,283,5
82928,Edson,288,1
89466,Horácio,292,4
89258,Daniel,262,1
89343,Júnior,284,2
89467,Erick Samuel,284,4
89492,Saulo,263,1
89493,Igor Rabello,263,3
89681,Mateus Muller,275,2
85418,Uilson,282,1
61985,Airton,263,4
78500,Sérgio Manoel,294,4
80667,Fernando,266,2
38579,Rodrigo Mancha,292,4
50417,Valencia,266,4
70216,Gustavo,287,1
73634,Felipe Lima,287,4
74096,Saulo,292,1
63082,Rodolfo,293,1
82459,Rafael Zuchi,293,3
69153,Clemente Rodríguez,276,2
77777,João Schmidt ,276,4
71102,Omar,265,1
68821,Rafael Galhardo,265,2
83522,Fagner Alemão,315,3
80795,Dieguinho,315,4
37749,Harlei,290,1
86934,Túlio,290,4
70914,Raphael Luz,290,4
87228,Guilherme Arana,264,2
68907,Wellington,275,3
69186,Branquinho,265,4
84554,Lucão,276,3
80576,Renato,275,4
70944,Bruno Henrique,264,4
70225,Luís Aguiar,287,4
72133,Ednei,287,3
73974,Alison,277,4
63326,Rychely ,315,5
54250,Maylson,288,4
81236,Ferreyra,263,5
78458,João Afonso,285,4
82474,Gegê,263,4
78716,Nem,316,4
88224,Paulo Ricardo,277,3
50413,Anderson Aquino,294,5
80164,Jussandro,315,2
72167,Mazinho,275,4
73633,Júnior Timbó,315,4
50324,Hudson,276,4
68872,Marcelo Lomba,265,1
37848,Leonardo,292,5
79973,Helton Leite,263,1
79892,Nenén,315,4
49641,Adriano,287,4
63031,Valmir Lucas,290,3
73806,Samuel ,290,5
68917,Vinícius,287,5
51168,André Paulino,315,3
70915,Luis Felipe,288,2
69041,Muriel,285,1
79193,Abuda,315,4
69141,Ricardo Bueno,316,5
87192,Zeca,277,2
37621,Junior Cesar,263,2
68987,João Vitor,288,4
71507,Edson Silva,276,3
69047,Paulo Roberto,316,4
72084,França,316,4
72768,Muralha,262,4
89883,Dodi,288,4
89884,Kalil,288,5
88717,Celso Rodrigues,315,6
88064,Marcos Vinícius,282,5
62976,Everton Silva,315,2
77827,Bruno Oliveira,275,2
37610,Ivan,316,2
89100,Éder Bastos,287,6
83471,Paulinho,264,5
82458,Erwin,293,3
84314,Ítalo Melo,265,4
82466,Bruno Pelissari,293,4
73563,Lúcio Maranhão,316,5
82468,Willyan Sotto,293,4
72742,Wagner Lopes,288,6
88617,Carlos Amadeu,287,6
42540,Bileu,292,4
84530,Maxi Rodríguez,284,4
68702,Bruno Collaço,315,2
63034,Douglas,287,1
69180,Busatto,284,1
71742,Hiroshi,316,4
69183,Lee,282,1
38362,Rodrigo Silva,288,5
84545,Romulo,288,2
69703,Diego Maurício,292,5
80456,Diego Felipe,265,4
70218,Ernesto Farías,283,5
36940,Oswaldo De Oliveira,277,6
38990,Alcides,288,3
36943,Paulo Autuori,282,6
68689,Anderson Uchoa,288,4
71636,Guilherme,264,4
77911,Jean Deretti,284,4
72281,Artur,316,2
50362,Lucas,263,2
88670,Hyago,292,3
88671,Guilherme,292,4
78946,Dória,263,3
69219,Otamendi,282,3
83048,Rafael Thyere,284,3
88686,Leandro Ávila,293,6
82547,Sérgio Raphael,265,3
62070,Marcelo Cordeiro,292,2
78967,Dudu,316,5
68728,Douglas,276,2
38523,Edílson,263,2
86143,Wanderson,264,3
86144,Luizinho Mello,288,4
78977,Bruno Mendes,293,5
84098,Gustavo,293,5
84099,Anderson Talisca,265,4
87935,Cristiano,288,5
81543,Josué,287,3
68744,Emerson,263,5
73353,Eduardo,266,4
68746,Sergio Escudero,288,3
71618,Anderson Conceição,265,3
78478,Willian Arão,264,4
87185,Mario Risso,263,3
62101,Renan Rocha,293,1
50326,Éverton Santos,316,5
73879,Rogério,288,2
80536,Victor Andrade,277,5
50329,Lulinha,288,4
86767,Dominic,293,5
73890,Mário Sérgio,290,2
79044,Wangler,265,4
70311,Fran Mérida,293,4
87226,Fabiano,264,4
79019,Jayme De Almeida,262,6
37917,Elano,262,4
41946,Caio Júnior,288,6
62130,William Matheus,275,2
72376,Cléber,264,3
80570,Wendell,284,2
50369,Carlos Eduardo,262,4
72386,Hernane,262,5
82628,Tinga,284,2
79045,Wellington Carvalho,266,3
68807,Neto Berola,282,5
80585,Otávio,285,4
80076,Zé Roberto,265,5
50382,Charles,283,4
73423,Rodrigo Defendi,287,3
82641,Ronan,266,2
86229,Eduardo Hungaro,263,6
79064,Guilherme Biteco,284,4
79578,Sassá,263,5
68827,Renato Chaves,293,3
73948,Ricardo Gareca,275,6
84190,Guilherme,293,5
84860,Abner,294,2
82657,Miguel Ángel Portuga,293,6
84707,Jonatan Lucca,293,4
73446,Éderson,293,5
86760,Lucas Macanhan,293,1
86761,Gerson,293,3
86762,Tárik,293,3
86763,Jonathan Fernando,293,2
86765,Bruno Mota,293,4
68846,Thiago Humberto,288,4
37245,Guto Ferreira,316,6
40179,Kleber,284,5
38133,Julio Cesar,264,1
71037,Clayton Sales,290,2
71039,Leandro,290,4
81148,Ronaldo Mendes,288,4
78077,Madson,265,2
81151,Sandrinho,292,5
83872,Erick,265,5
50439,Vilson,283,3
86792,Mauri,287,4
73481,Gilmar Dal Pozzo,288,6
68893,André Lima,294,5
70925,Wescley,315,4
68883,Caio,287,5
80660,Lucas Farias,276,2
80664,Michel,282,2
61211,Carlos Cesar,293,2
68892,Everton,288,4
70874,Rhayner,265,5
68894,Bruno Veiga,266,5
37663,Julio Cesar,263,2
74017,Josa,287,4
84262,Wallace,283,3
51495,Tiago Alves,275,3
38184,André Santos,262,2
73516,Rafael,265,5
83506,Vítor Michels,288,4
88367,Chico,275,5
73009,Crislan,293,5
78647,Digão,262,2
72504,Denilson,316,5
68922,Fabrício,276,4
71995,Hugo,265,5
38026,Kleber,316,2
68888,Leandro Euzébio,266,3
80192,Hugo Gumiero,293,1
88898,André Jardine,284,6
70986,Léo Cittadini,277,4
86861,Vinicius,287,3
68951,Josimar,275,4
84312,Anderson Mello,265,4
68954,Marquinhos Gabriel,275,4
73051,Robert Flores,292,4
74077,Maycon Canário,293,4
78176,Harrison,293,4
38243,Léo,277,4
38374,Alessandro,265,5
68968,Adailton,287,5
60780,Vinícius Eutrópio,316,6
72046,Rômulo,287,5
60791,Derley,293,4
71032,Lucas Zen,287,4
84857,Rafael Tavares,290,4
79228,Bruno Furlan,293,5
73962,Bruno Peres,277,2
84863,Alberto Valentim,275,6
80769,Fernando Karanga,288,5
68994,Wesley,316,4
82821,Gabriel Soares,287,4
41357,Adriano,293,5
86936,Ray,290,4
60822,Renan Oliveira,292,4
80280,Taiberson,293,5
84379,Raul,265,2
78236,Danilo,290,5
37789,Bolívar,263,3
86942,Abuda,290,4
84896,Lucas Otávio,277,4
78241,Pabón,276,5
60834,Luan,283,5
37795,Jorge Wagner,263,4
78756,Alemão,315,5
70054,Marcos Paulo,294,4
36775,Marcos Assunção,316,4
77738,Romarinho,264,5
82503,Rodolfo,262,4
71581,Léo Costa,287,4
36792,Araújo,290,5
69049,Leandro Amaro,315,3
37306,Gilson Kleina,265,6
71100,Márcio Araújo,265,6
38986,Aílton,292,4
80318,Ezequiel,288,2
80320,Diego Oliveira,288,4
80321,Neílson,315,5
36802,Ronaldinho Gaúcho,282,4
73673,Cañete,276,4
80330,Jocinei,264,4
73530,Wilson Pittoni,265,4
82381,Juninho,293,4
36856,Celso Roth,294,6
73684,Mirabaje,293,4
88538,Wilson Vaterkemper,288,6
72159,Serginho,275,4
86502,Jonathan Ferrari,287,3
79335,Éverton,293,4
82408,Bruninho,292,5
79343,Doriva,293,6
79345,Danilo Alves,288,5
71668,Anderson Carvalho,277,4
70133,Paulo Henrique,275,2
86519,Everton Felipe,292,4
78840,Pedro Castro,277,4
73213,Miguel,275,5
87746,Luizinho Vieira,288,6
89896,Cleiton,288,2
89897,Ronaldo,288,1
89898,Roger,288,5
85403,Daniel,282,4
89885,Leandro,263,4
87229,Donato,282,3
74086,Pedro Paulo ,293,5
89914,Gabriel ,288,4
89815,Gustavo Ferrareis,285,4
89921,Maikon,263,5
89924,Bruno,283,4
82639,Marcelo Hermes,284,4
84794,Matteus ,293,4
89977,Bruno Santos,316,2
89694,James Dean,292,5
89932,JacÃ³,265,5
89975,Rodolfo,282,1
